match,teamInnings,Bowler Name,Over,Maiden,Runs,Wickets,Economy,dots,fours,sixes,wides,no balls,Match id
West Indies VsIreland,Ireland,Josh Little,10.0,1,46,1,4.6,34,4,1,0,0,4339
West Indies VsIreland,Ireland,Mark Adair,8.5,1,38,3,4.3,36,4,1,3,0,4339
West Indies VsIreland,Ireland,Craig Young,9.0,0,56,3,6.22,29,8,0,5,0,4339
West Indies VsIreland,Ireland,Curtis Campher,10.0,0,47,1,4.7,39,2,2,4,0,4339
West Indies VsIreland,Ireland,Andy McBrine,8.0,0,52,2,6.5,26,3,4,0,0,4339
West Indies VsIreland,Ireland,George Dockrell,3.0,0,23,0,7.66,7,2,1,0,0,4339
West Indies VsIreland,West Indies,Jason Holder,10.0,1,48,1,4.8,36,6,1,0,0,4339
West Indies VsIreland,West Indies,Akeal Hosein,10.0,0,35,1,3.5,38,3,0,0,0,4339
West Indies VsIreland,West Indies,Alzarri Joseph,10.0,0,55,3,5.5,35,4,2,2,1,4339
West Indies VsIreland,West Indies,Romario Shepherd,9.0,0,50,3,5.55,28,4,2,0,0,4339
West Indies VsIreland,West Indies,Odean Smith,5.1,0,26,2,5.03,18,2,0,6,0,4339
West Indies VsIreland,West Indies,Roston Chase,5.0,0,30,0,6.0,12,2,1,0,0,4339
West Indies VsIreland,Ireland,Josh Little,10.0,1,40,2,4.0,39,5,0,0,0,4340
West Indies VsIreland,Ireland,Mark Adair,9.0,2,42,0,4.66,35,1,1,9,0,4340
West Indies VsIreland,Ireland,Craig Young,8.0,1,42,3,5.25,32,6,0,3,1,4340
West Indies VsIreland,Ireland,Andy McBrine,10.0,2,36,4,3.6,45,1,2,3,0,4340
West Indies VsIreland,Ireland,Curtis Campher,8.0,0,56,0,7.0,22,5,2,2,0,4340
West Indies VsIreland,Ireland,George Dockrell,3.0,0,11,1,3.66,14,0,1,1,0,4340
West Indies VsIreland,West Indies,Akeal Hosein,8.0,0,51,2,6.37,26,6,2,0,1,4340
West Indies VsIreland,West Indies,Jason Holder,7.0,1,35,0,5.0,27,3,1,2,0,4340
West Indies VsIreland,West Indies,Alzarri Joseph,6.0,1,32,0,5.33,22,3,1,2,0,4340
West Indies VsIreland,West Indies,Roston Chase,5.0,0,19,1,3.8,17,2,0,0,0,4340
West Indies VsIreland,West Indies,Odean Smith,2.0,0,8,0,4.0,7,0,0,1,0,4340
West Indies VsIreland,West Indies,Romario Shepherd,4.0,0,12,1,3.0,18,2,0,0,0,4340
West Indies VsIreland,West Indies,Kieron Pollard,0.3,0,4,1,8.0,1,0,0,0,1,4340
Zimbabwe VsSri Lanka,Sri Lanka,Nuwan Pradeep,10.0,1,54,2,5.4,32,5,1,1,1,4341
Zimbabwe VsSri Lanka,Sri Lanka,Chamika Gunasekara,1.0,0,8,0,8.0,4,1,0,1,0,4341
Zimbabwe VsSri Lanka,Sri Lanka,Maheesh Theekshana,10.0,0,40,0,4.0,31,2,0,0,0,4341
Zimbabwe VsSri Lanka,Sri Lanka,Dasun Shanaka,4.0,0,34,0,8.5,8,5,0,2,0,4341
Zimbabwe VsSri Lanka,Sri Lanka,Chamika Karunaratne,10.0,1,69,3,6.9,25,7,2,1,0,4341
Zimbabwe VsSri Lanka,Sri Lanka,Jeffrey Vandersay,6.0,0,44,2,7.33,15,5,1,1,0,4341
Zimbabwe VsSri Lanka,Sri Lanka,Kamindu Mendis,6.0,0,32,1,5.33,15,2,0,1,0,4341
Zimbabwe VsSri Lanka,Sri Lanka,Charith Asalanka,3.0,0,13,0,4.33,8,1,0,0,0,4341
Zimbabwe VsSri Lanka,Zimbabwe,Blessing Muzarabani,9.3,0,58,1,6.1,32,9,0,2,1,4341
Zimbabwe VsSri Lanka,Zimbabwe,Tendai Chatara,9.0,0,56,0,6.22,28,9,0,2,0,4341
Zimbabwe VsSri Lanka,Zimbabwe,Richard Ngarava,9.0,0,56,3,6.22,30,4,2,4,0,4341
Zimbabwe VsSri Lanka,Zimbabwe,Wellington Masakadza,6.0,0,29,0,4.83,13,1,0,1,0,4341
Zimbabwe VsSri Lanka,Zimbabwe,Ryan Burl,1.0,0,12,0,12.0,2,2,0,0,0,4341
Zimbabwe VsSri Lanka,Zimbabwe,Sean Williams,8.0,0,43,0,5.37,19,2,1,0,0,4341
Zimbabwe VsSri Lanka,Zimbabwe,Sikandar Raza,4.0,0,23,1,5.75,7,1,0,0,0,4341
Zimbabwe VsSri Lanka,Zimbabwe,Wessly Madhevere,2.0,0,17,0,8.5,3,1,1,0,0,4341
West Indies VsIreland,Ireland,Josh Little,9.0,1,55,0,6.11,28,8,0,1,1,4342
West Indies VsIreland,Ireland,Mark Adair,7.0,1,38,0,5.42,29,5,1,4,0,4342
West Indies VsIreland,Ireland,Craig Young,7.4,0,43,3,5.6,27,5,1,1,1,4342
West Indies VsIreland,Ireland,Andy McBrine,10.0,2,28,4,2.8,46,3,1,0,0,4342
West Indies VsIreland,Ireland,Curtis Campher,4.0,0,14,1,3.5,15,1,0,0,0,4342
West Indies VsIreland,Ireland,George Dockrell,3.0,0,11,1,3.66,12,1,0,1,0,4342
West Indies VsIreland,Ireland,Paul Stirling,4.0,0,16,0,4.0,15,2,0,0,0,4342
West Indies VsIreland,West Indies,Alzarri Joseph,10.0,1,35,1,3.5,42,2,0,8,0,4342
West Indies VsIreland,West Indies,Romario Shepherd,6.5,0,28,0,4.09,27,3,0,1,0,4342
West Indies VsIreland,West Indies,Odean Smith,3.0,0,23,1,7.66,12,1,1,6,0,4342
West Indies VsIreland,West Indies,Akeal Hosein,10.0,0,59,3,5.9,31,6,1,2,0,4342
West Indies VsIreland,West Indies,Jason Holder,2.0,0,16,0,8.0,6,3,0,0,0,4342
West Indies VsIreland,West Indies,Kieron Pollard,3.0,0,8,0,2.66,11,0,0,0,0,4342
West Indies VsIreland,West Indies,Roston Chase,10.0,0,44,3,4.4,34,4,1,1,0,4342
Zimbabwe VsSri Lanka,Sri Lanka,Nuwan Pradeep,10.0,0,74,2,7.4,21,7,1,0,2,4343
Zimbabwe VsSri Lanka,Sri Lanka,Dushmantha Chameera,9.0,0,47,0,5.22,28,4,0,2,0,4343
Zimbabwe VsSri Lanka,Sri Lanka,Dasun Shanaka,2.0,0,14,0,7.0,6,0,1,0,0,4343
Zimbabwe VsSri Lanka,Sri Lanka,Jeffrey Vandersay,9.0,0,51,3,5.66,25,5,1,0,0,4343
Zimbabwe VsSri Lanka,Sri Lanka,Maheesh Theekshana,10.0,0,49,1,4.9,26,4,0,0,0,4343
Zimbabwe VsSri Lanka,Sri Lanka,Chamika Karunaratne,6.0,0,24,1,4.0,19,2,0,0,0,4343
Zimbabwe VsSri Lanka,Sri Lanka,Kamindu Mendis,2.0,0,19,0,9.5,3,3,0,0,0,4343
Zimbabwe VsSri Lanka,Sri Lanka,Charith Asalanka,2.0,0,15,0,7.5,2,1,0,0,0,4343
Zimbabwe VsSri Lanka,Zimbabwe,Tendai Chatara,10.0,1,52,3,5.2,32,5,1,0,0,4343
Zimbabwe VsSri Lanka,Zimbabwe,Blessing Muzarabani,10.0,0,56,3,5.6,33,5,0,2,1,4343
Zimbabwe VsSri Lanka,Zimbabwe,Wessly Madhevere,4.0,0,30,1,7.5,11,2,2,0,0,4343
Zimbabwe VsSri Lanka,Zimbabwe,Richard Ngarava,10.0,1,41,1,4.1,33,2,1,1,0,4343
Zimbabwe VsSri Lanka,Zimbabwe,Wellington Masakadza,8.0,0,34,0,4.25,19,1,0,0,0,4343
Zimbabwe VsSri Lanka,Zimbabwe,Sean Williams,6.0,0,48,0,8.0,12,5,1,0,0,4343
Zimbabwe VsSri Lanka,Zimbabwe,Ryan Burl,2.0,0,14,0,7.0,4,0,1,0,0,4343
South Africa VsIndia,India,Jasprit Bumrah,10.0,0,48,2,4.8,30,4,0,1,0,4344
South Africa VsIndia,India,Bhuvneshwar Kumar,10.0,0,64,0,6.4,26,3,1,4,0,4344
South Africa VsIndia,India,Shardul Thakur,10.0,1,72,0,7.2,26,5,3,2,3,4344
South Africa VsIndia,India,Ravichandran Ashwin,10.0,0,53,1,5.3,20,2,0,2,0,4344
South Africa VsIndia,India,Yuzvendra Chahal,10.0,0,53,0,5.3,30,6,0,0,0,4344
South Africa VsIndia,South Africa,Aiden Markram,6.0,0,30,1,5.0,16,2,0,1,0,4344
South Africa VsIndia,South Africa,Marco Jansen,9.0,0,49,0,5.44,30,7,0,1,0,4344
South Africa VsIndia,South Africa,Keshav Maharaj,10.0,0,42,1,4.2,27,2,0,1,0,4344
South Africa VsIndia,South Africa,Lungi Ngidi,10.0,0,64,2,6.4,22,5,1,4,0,4344
South Africa VsIndia,South Africa,Tabraiz Shamsi,10.0,1,52,2,5.2,24,2,0,3,0,4344
South Africa VsIndia,South Africa,Andile Phehlukwayo,5.0,0,26,2,5.2,15,3,0,1,0,4344
India VsSouth Africa,South Africa,Lungi Ngidi,8.0,0,35,0,4.37,28,3,0,1,0,4346
India VsSouth Africa,South Africa,Sisanda Magala,8.0,0,64,1,8.0,19,4,1,3,2,4346
India VsSouth Africa,South Africa,Aiden Markram,8.0,0,34,1,4.25,26,4,0,0,0,4346
India VsSouth Africa,South Africa,Keshav Maharaj,9.0,0,52,1,5.77,23,3,2,0,0,4346
India VsSouth Africa,South Africa,Andile Phehlukwayo,8.0,0,44,1,5.5,20,3,1,1,0,4346
India VsSouth Africa,South Africa,Tabraiz Shamsi,9.0,0,57,2,6.33,26,6,1,4,0,4346
India VsSouth Africa,India,Jasprit Bumrah,10.0,0,37,1,3.7,38,3,0,1,0,4346
India VsSouth Africa,India,Bhuvneshwar Kumar,8.0,0,67,0,8.37,15,6,2,1,0,4346
India VsSouth Africa,India,Ravichandran Ashwin,10.0,1,68,0,6.8,24,6,2,0,0,4346
India VsSouth Africa,India,Yuzvendra Chahal,10.0,0,47,1,4.7,26,2,0,1,0,4346
India VsSouth Africa,India,Shardul Thakur,5.0,0,35,1,7.0,13,5,0,2,0,4346
India VsSouth Africa,India,Venkatesh Iyer,5.0,0,28,0,5.6,10,2,0,0,0,4346
India VsSouth Africa,India,Shreyas Iyer,0.1,0,1,0,6.0,0,0,0,0,0,4346
Sri Lanka VsZimbabwe,Zimbabwe,Tendai Chatara,7.0,0,35,1,5.0,20,2,0,1,0,4347
Sri Lanka VsZimbabwe,Zimbabwe,Blessing Muzarabani,10.0,0,63,1,6.3,22,6,0,2,0,4347
Sri Lanka VsZimbabwe,Zimbabwe,Richard Ngarava,9.0,1,46,2,5.11,28,6,0,0,0,4347
Sri Lanka VsZimbabwe,Zimbabwe,Wellington Masakadza,10.0,0,42,1,4.2,22,1,0,0,0,4347
Sri Lanka VsZimbabwe,Zimbabwe,Ryan Burl,6.0,0,26,1,4.33,17,2,0,0,0,4347
Sri Lanka VsZimbabwe,Zimbabwe,Sikandar Raza,6.0,0,33,0,5.5,17,3,0,0,1,4347
Sri Lanka VsZimbabwe,Zimbabwe,Sean Williams,2.0,0,6,1,3.0,6,0,0,0,0,4347
Sri Lanka VsZimbabwe,Sri Lanka,Dushmantha Chameera,5.0,1,20,2,4.0,18,2,0,0,0,4347
Sri Lanka VsZimbabwe,Sri Lanka,Maheesh Theekshana,6.0,1,10,1,1.66,28,0,0,0,0,4347
Sri Lanka VsZimbabwe,Sri Lanka,Jeffrey Vandersay,7.4,2,10,4,1.3,37,0,0,0,0,4347
Sri Lanka VsZimbabwe,Sri Lanka,Chamika Karunaratne,2.0,0,4,1,2.0,9,0,0,1,0,4347
Sri Lanka VsZimbabwe,Sri Lanka,Ramesh Mendis,4.0,0,26,2,6.5,14,3,0,3,0,4347
South Africa VsIndia,India,Deepak Chahar,8.0,0,53,2,6.62,26,6,0,6,1,4349
South Africa VsIndia,India,Jasprit Bumrah,10.0,0,52,2,5.2,27,5,0,1,0,4349
South Africa VsIndia,India,Prasidh Krishna,9.5,0,59,3,6.0,31,7,1,1,1,4349
South Africa VsIndia,India,Jayant Yadav,10.0,0,53,0,5.3,30,3,1,1,1,4349
South Africa VsIndia,India,Yuzvendra Chahal,9.0,0,47,1,5.22,28,5,1,0,0,4349
South Africa VsIndia,India,Shreyas Iyer,3.0,0,21,0,7.0,7,1,1,0,0,4349
South Africa VsIndia,South Africa,Lungi Ngidi,10.0,0,58,3,5.8,32,8,0,2,0,4349
South Africa VsIndia,South Africa,Dwaine Pretorius,9.2,0,54,2,5.78,30,3,3,1,0,4349
South Africa VsIndia,South Africa,Sisanda Magala,10.0,0,69,1,6.9,29,8,0,3,2,4349
South Africa VsIndia,South Africa,Keshav Maharaj,10.0,0,39,1,3.9,26,1,0,0,0,4349
South Africa VsIndia,South Africa,Andile Phehlukwayo,7.0,0,40,3,5.71,18,4,0,1,0,4349
South Africa VsIndia,South Africa,Aiden Markram,3.0,0,21,0,7.0,6,1,1,0,0,4349
West Indies VsIndia,India,Mohammed Siraj,8.0,2,26,1,3.25,35,3,0,1,0,4353
West Indies VsIndia,India,Prasidh Krishna,10.0,0,29,2,2.9,47,4,0,2,0,4353
West Indies VsIndia,India,Washington Sundar,9.0,1,30,3,3.33,36,3,0,1,0,4353
West Indies VsIndia,India,Shardul Thakur,7.0,0,38,0,5.42,23,2,1,0,0,4353
West Indies VsIndia,India,Yuzvendra Chahal,9.5,0,49,4,4.98,38,1,4,0,0,4353
West Indies VsIndia,West Indies,Kemar Roach,5.0,0,41,0,8.2,18,6,1,4,0,4353
West Indies VsIndia,West Indies,Jason Holder,5.0,0,29,0,5.8,19,5,0,1,0,4353
West Indies VsIndia,West Indies,Alzarri Joseph,7.0,0,45,2,6.42,26,6,1,3,0,4353
West Indies VsIndia,West Indies,Akeal Hosein,9.0,0,46,1,5.11,25,5,0,0,0,4353
West Indies VsIndia,West Indies,Fabian Allen,2.0,0,14,0,7.0,2,1,0,0,0,4353
India VsWest Indies,West Indies,Kemar Roach,8.0,0,42,1,5.25,24,4,0,1,1,4355
India VsWest Indies,West Indies,Alzarri Joseph,10.0,0,36,2,3.6,35,3,0,0,0,4355
India VsWest Indies,West Indies,Odean Smith,7.0,0,29,2,4.14,30,5,0,1,0,4355
India VsWest Indies,West Indies,Jason Holder,9.0,2,37,1,4.11,32,4,0,0,0,4355
India VsWest Indies,West Indies,Akeal Hosein,6.0,0,39,1,6.5,16,2,2,0,1,4355
India VsWest Indies,West Indies,Fabian Allen,10.0,0,50,1,5.0,21,2,0,0,0,4355
India VsWest Indies,India,Mohammed Siraj,9.0,1,38,1,4.22,38,3,1,3,0,4355
India VsWest Indies,India,Shardul Thakur,9.0,1,41,2,4.55,35,4,2,0,0,4355
India VsWest Indies,India,Prasidh Krishna,9.0,3,12,4,1.33,45,1,0,0,0,4355
India VsWest Indies,India,Yuzvendra Chahal,10.0,0,45,1,4.5,33,1,2,0,2,4355
India VsWest Indies,India,Washington Sundar,5.0,0,28,1,5.6,14,1,1,0,1,4355
India VsWest Indies,India,Deepak Hooda,4.0,0,24,1,6.0,12,1,1,1,0,4355
India VsWest Indies,West Indies,Kemar Roach,7.0,0,39,0,5.57,25,4,1,3,0,4356
India VsWest Indies,West Indies,Alzarri Joseph,10.0,1,54,2,5.4,37,6,1,6,0,4356
India VsWest Indies,West Indies,Odean Smith,7.0,0,36,1,5.14,28,4,0,7,1,4356
India VsWest Indies,West Indies,Jason Holder,8.0,1,34,4,4.25,28,4,0,1,0,4356
India VsWest Indies,West Indies,Fabian Allen,8.0,0,42,1,5.25,25,2,2,0,0,4356
India VsWest Indies,West Indies,Hayden Walsh,10.0,0,59,2,5.9,28,6,1,1,0,4356
India VsWest Indies,India,Deepak Chahar,8.0,1,41,2,5.12,28,5,0,1,0,4356
India VsWest Indies,India,Mohammed Siraj,9.0,1,29,3,3.22,41,4,0,2,0,4356
India VsWest Indies,India,Prasidh Krishna,8.1,1,27,3,3.3,37,2,1,1,0,4356
India VsWest Indies,India,Kuldeep Yadav,8.0,0,51,2,6.37,27,2,4,2,0,4356
India VsWest Indies,India,Washington Sundar,4.0,0,17,0,4.25,18,1,1,2,0,4356
Afghanistan VsBangladesh,Bangladesh,Mustafizur Rahman,9.1,0,35,3,3.81,37,3,1,3,0,4357
Afghanistan VsBangladesh,Bangladesh,Taskin Ahmed,10.0,0,55,2,5.5,33,3,2,6,0,4357
Afghanistan VsBangladesh,Bangladesh,Shakib Al Hasan,9.0,1,50,2,5.55,25,4,1,3,0,4357
Afghanistan VsBangladesh,Bangladesh,Shoriful Islam,10.0,1,38,2,3.8,35,3,0,1,0,4357
Afghanistan VsBangladesh,Bangladesh,Mehidy Hasan Miraz,10.0,3,28,0,2.8,43,1,1,0,0,4357
Afghanistan VsBangladesh,Bangladesh,Mahmudullah,1.0,0,4,1,4.0,2,0,0,0,0,4357
Afghanistan VsBangladesh,Afghanistan,Fazalhaq Farooqi,10.0,1,54,4,5.4,36,8,0,2,0,4357
Afghanistan VsBangladesh,Afghanistan,Mujeeb Ur Rahman,10.0,0,32,1,3.2,40,3,0,0,0,4357
Afghanistan VsBangladesh,Afghanistan,Yamin Ahmadzai,5.0,0,35,0,7.0,16,5,1,1,0,4357
Afghanistan VsBangladesh,Afghanistan,Rashid Khan,10.0,1,30,1,3.0,37,2,0,0,0,4357
Afghanistan VsBangladesh,Afghanistan,Mohammad Nabi,10.0,1,32,0,3.2,36,2,0,0,0,4357
Afghanistan VsBangladesh,Afghanistan,Gulbadin Naib,3.5,0,25,0,6.52,12,4,0,1,0,4357
Bangladesh VsAfghanistan,Afghanistan,Fazalhaq Farooqi,10.0,1,59,1,5.9,30,4,2,1,0,4358
Bangladesh VsAfghanistan,Afghanistan,Fareed Ahmad,8.0,0,56,2,7.0,23,6,0,5,0,4358
Bangladesh VsAfghanistan,Afghanistan,Mujeeb Ur Rahman,10.0,0,49,0,4.9,32,5,0,3,0,4358
Bangladesh VsAfghanistan,Afghanistan,Azmatullah Omarzai,7.0,0,37,0,5.28,21,3,0,4,0,4358
Bangladesh VsAfghanistan,Afghanistan,Rashid Khan,10.0,0,54,1,5.4,29,7,0,0,0,4358
Bangladesh VsAfghanistan,Afghanistan,Mohammad Nabi,4.0,0,26,0,6.5,8,3,0,1,0,4358
Bangladesh VsAfghanistan,Afghanistan,Rahmat Shah,1.0,0,10,0,10.0,3,2,0,0,0,4358
Bangladesh VsAfghanistan,Bangladesh,Mustafizur Rahman,8.0,0,53,1,6.62,24,6,1,3,1,4358
Bangladesh VsAfghanistan,Bangladesh,Shoriful Islam,6.0,0,35,1,5.83,16,4,0,0,0,4358
Bangladesh VsAfghanistan,Bangladesh,Taskin Ahmed,10.0,2,31,2,3.1,40,2,0,0,0,4358
Bangladesh VsAfghanistan,Bangladesh,Shakib Al Hasan,10.0,0,38,2,3.8,35,3,0,0,0,4358
Bangladesh VsAfghanistan,Bangladesh,Mehidy Hasan Miraz,10.0,0,52,1,5.2,29,5,0,1,0,4358
Bangladesh VsAfghanistan,Bangladesh,Mahmudullah,1.0,0,2,1,2.0,5,0,0,1,0,4358
Bangladesh VsAfghanistan,Bangladesh,Afif Hossain,0.1,0,0,1,0.0,1,0,0,0,0,4358
Bangladesh VsAfghanistan,Afghanistan,Fazalhaq Farooqi,7.5,0,33,1,4.21,31,4,0,2,0,4359
Bangladesh VsAfghanistan,Afghanistan,Mujeeb Ur Rahman,8.0,0,37,0,4.62,24,3,0,2,0,4359
Bangladesh VsAfghanistan,Afghanistan,Azmatullah Omarzai,6.0,0,29,1,4.83,19,3,0,1,0,4359
Bangladesh VsAfghanistan,Afghanistan,Gulbadin Naib,5.0,0,25,0,5.0,13,1,0,1,0,4359
Bangladesh VsAfghanistan,Afghanistan,Rashid Khan,10.0,0,37,3,3.7,31,2,0,1,0,4359
Bangladesh VsAfghanistan,Afghanistan,Mohammad Nabi,10.0,0,29,2,2.9,33,0,0,0,0,4359
Bangladesh VsAfghanistan,Bangladesh,Shoriful Islam,7.0,1,41,0,5.85,23,3,2,0,0,4359
Bangladesh VsAfghanistan,Bangladesh,Taskin Ahmed,6.0,0,34,0,5.66,19,5,0,0,0,4359
Bangladesh VsAfghanistan,Bangladesh,Shakib Al Hasan,10.0,0,47,1,4.7,32,1,2,0,0,4359
Bangladesh VsAfghanistan,Bangladesh,Mustafizur Rahman,6.0,0,24,0,4.0,21,2,0,2,0,4359
Bangladesh VsAfghanistan,Bangladesh,Mehidy Hasan Miraz,8.1,1,37,2,4.53,24,2,1,0,0,4359
Bangladesh VsAfghanistan,Bangladesh,Afif Hossain,2.0,0,8,0,4.0,7,1,0,0,0,4359
Bangladesh VsAfghanistan,Bangladesh,Yasir Ali,1.0,0,2,0,2.0,4,0,0,0,0,4359
Bangladesh VsSouth Africa,South Africa,Lungi Ngidi,10.0,1,75,1,7.5,32,8,4,1,0,4370
Bangladesh VsSouth Africa,South Africa,Kagiso Rabada,10.0,0,57,1,5.7,28,3,2,2,0,4370
Bangladesh VsSouth Africa,South Africa,Marco Jansen,10.0,1,57,2,5.7,31,4,2,2,1,4370
Bangladesh VsSouth Africa,South Africa,Keshav Maharaj,10.0,0,56,2,5.6,26,5,1,0,0,4370
Bangladesh VsSouth Africa,South Africa,Andile Phehlukwayo,10.0,1,63,1,6.3,26,3,2,6,1,4370
Bangladesh VsSouth Africa,Bangladesh,Shakib Al Hasan,10.0,0,54,0,5.4,27,5,1,0,0,4370
Bangladesh VsSouth Africa,Bangladesh,Shoriful Islam,8.0,0,47,2,5.87,26,4,2,3,0,4370
Bangladesh VsSouth Africa,Bangladesh,Taskin Ahmed,10.0,1,36,3,3.6,40,3,1,1,0,4370
Bangladesh VsSouth Africa,Bangladesh,Mustafizur Rahman,10.0,0,50,0,5.0,30,5,0,3,0,4370
Bangladesh VsSouth Africa,Bangladesh,Mehidy Hasan Miraz,9.0,0,61,4,6.77,23,6,2,0,0,4370
Bangladesh VsSouth Africa,Bangladesh,Mahmudullah,1.5,0,24,1,13.09,1,1,2,1,0,4370
Bangladesh VsSouth Africa,South Africa,Lungi Ngidi,10.0,2,34,1,3.4,40,3,0,3,0,4372
Bangladesh VsSouth Africa,South Africa,Kagiso Rabada,10.0,0,39,5,3.9,38,4,0,4,0,4372
Bangladesh VsSouth Africa,South Africa,Wayne Parnell,2.5,0,6,1,2.11,11,0,0,0,0,4372
Bangladesh VsSouth Africa,South Africa,Temba Bavuma,6.1,0,22,0,3.56,24,3,0,0,0,4372
Bangladesh VsSouth Africa,South Africa,Tabraiz Shamsi,10.0,1,26,1,2.6,40,2,0,0,0,4372
Bangladesh VsSouth Africa,South Africa,Keshav Maharaj,10.0,0,57,0,5.7,33,4,2,1,2,4372
Bangladesh VsSouth Africa,South Africa,Rassie van der Dussen,1.0,0,3,1,3.0,3,0,0,0,0,4372
Bangladesh VsSouth Africa,Bangladesh,Shoriful Islam,4.0,0,29,0,7.25,15,6,0,0,0,4372
Bangladesh VsSouth Africa,Bangladesh,Taskin Ahmed,4.0,0,41,0,10.25,13,3,4,1,0,4372
Bangladesh VsSouth Africa,Bangladesh,Mehidy Hasan Miraz,10.0,0,56,1,5.6,29,5,1,1,0,4372
Bangladesh VsSouth Africa,Bangladesh,Mustafizur Rahman,3.0,0,13,0,4.33,13,2,0,2,0,4372
Bangladesh VsSouth Africa,Bangladesh,Shakib Al Hasan,10.0,2,33,1,3.3,39,3,0,0,0,4372
Bangladesh VsSouth Africa,Bangladesh,Afif Hossain,5.0,0,15,1,3.0,18,1,0,0,0,4372
Bangladesh VsSouth Africa,Bangladesh,Mahmudullah,1.2,0,8,0,6.0,3,1,0,0,0,4372
South Africa VsBangladesh,Bangladesh,Shoriful Islam,7.0,0,37,1,5.28,25,6,0,1,0,4375
South Africa VsBangladesh,Bangladesh,Mustafizur Rahman,7.0,0,23,0,3.28,30,3,0,0,0,4375
South Africa VsBangladesh,Bangladesh,Mehidy Hasan Miraz,5.0,0,27,1,5.4,18,3,1,0,0,4375
South Africa VsBangladesh,Bangladesh,Taskin Ahmed,9.0,0,35,5,3.88,38,4,0,3,0,4375
South Africa VsBangladesh,Bangladesh,Shakib Al Hasan,9.0,0,24,2,2.66,37,2,0,1,0,4375
South Africa VsBangladesh,South Africa,Kagiso Rabada,5.3,0,37,0,6.72,22,8,0,2,0,4375
South Africa VsBangladesh,South Africa,Lungi Ngidi,5.0,0,24,0,4.8,19,4,0,0,0,4375
South Africa VsBangladesh,South Africa,Keshav Maharaj,7.0,0,36,1,5.14,20,4,0,0,0,4375
South Africa VsBangladesh,South Africa,Tabraiz Shamsi,7.0,0,41,0,5.85,19,4,0,1,0,4375
South Africa VsBangladesh,South Africa,Dwaine Pretorius,2.0,0,18,0,9.0,6,4,0,0,0,4375
Australia VsPakistan,Pakistan,Hasan Ali,8.0,0,56,0,7.0,24,6,1,4,0,4379
Australia VsPakistan,Pakistan,Mohammad Wasim,8.0,0,59,0,7.37,21,6,1,2,0,4379
Australia VsPakistan,Pakistan,Haris Rauf,8.0,0,44,2,5.5,23,2,0,6,0,4379
Australia VsPakistan,Pakistan,Zahid Mahmood,10.0,0,59,2,5.9,27,3,3,0,0,4379
Australia VsPakistan,Pakistan,Iftikhar Ahmed,6.0,0,36,1,6.0,11,3,0,0,0,4379
Australia VsPakistan,Pakistan,Khushdil Shah,10.0,0,50,1,5.0,26,2,1,0,0,4379
Australia VsPakistan,Australia,Sean Abbott,7.0,0,36,1,5.14,20,4,0,0,0,4379
Australia VsPakistan,Australia,Cameron Green,3.0,0,18,0,6.0,9,3,0,0,0,4379
Australia VsPakistan,Australia,Adam Zampa,10.0,0,38,4,3.8,32,2,0,2,0,4379
Australia VsPakistan,Australia,Nathan Ellis,8.0,0,36,1,4.5,25,2,0,1,1,4379
Australia VsPakistan,Australia,Mitchell Swepson,8.2,0,53,2,6.36,20,4,2,0,0,4379
Australia VsPakistan,Australia,Marcus Stoinis,3.0,0,9,0,3.0,9,0,0,0,0,4379
Australia VsPakistan,Australia,Travis Head,6.0,0,35,2,5.83,14,2,1,0,0,4379
Australia VsPakistan,Pakistan,Shaheen Shah Afridi,10.0,0,63,4,6.3,30,6,2,0,0,4380
Australia VsPakistan,Pakistan,Haris Rauf,10.0,1,57,0,5.7,29,6,1,0,0,4380
Australia VsPakistan,Pakistan,Mohammad Wasim,10.0,0,56,2,5.6,31,6,1,0,0,4380
Australia VsPakistan,Pakistan,Zahid Mahmood,10.0,0,71,1,7.1,20,7,1,1,0,4380
Australia VsPakistan,Pakistan,Iftikhar Ahmed,4.0,0,38,0,9.5,5,1,3,0,0,4380
Australia VsPakistan,Pakistan,Khushdil Shah,6.0,0,57,1,9.5,7,4,2,1,0,4380
Australia VsPakistan,Australia,Sean Abbott,9.0,0,74,0,8.22,21,6,3,1,0,4380
Australia VsPakistan,Australia,Cameron Green,6.0,0,35,0,5.83,17,4,0,0,0,4380
Australia VsPakistan,Australia,Nathan Ellis,9.0,0,66,1,7.33,16,5,1,0,0,4380
Australia VsPakistan,Australia,Travis Head,4.0,0,28,0,7.0,9,1,1,0,0,4380
Australia VsPakistan,Australia,Adam Zampa,10.0,0,71,2,7.1,17,4,2,0,0,4380
Australia VsPakistan,Australia,Mitchell Swepson,8.0,0,50,0,6.25,17,3,1,1,0,4380
Australia VsPakistan,Australia,Marcus Stoinis,3.0,0,23,1,7.66,5,3,0,0,0,4380
Australia VsPakistan,Pakistan,Shaheen Shah Afridi,8.0,2,40,2,5.0,32,5,1,1,0,4382
Australia VsPakistan,Pakistan,Haris Rauf,8.5,1,39,3,4.41,32,5,0,0,0,4382
Australia VsPakistan,Pakistan,Zahid Mahmood,8.0,0,51,1,6.37,23,4,2,1,0,4382
Australia VsPakistan,Pakistan,Mohammad Wasim,10.0,1,40,3,4.0,40,1,2,4,0,4382
Australia VsPakistan,Pakistan,Iftikhar Ahmed,7.0,0,38,1,5.42,18,4,0,0,0,4382
Australia VsPakistan,Australia,Jason Behrendorff,9.0,0,51,0,5.66,25,5,0,0,0,4382
Australia VsPakistan,Australia,Nathan Ellis,6.0,0,38,1,6.33,18,6,0,1,0,4382
Australia VsPakistan,Australia,Adam Zampa,9.0,0,50,0,5.55,22,4,1,0,0,4382
Australia VsPakistan,Australia,Cameron Green,3.0,0,19,0,6.33,9,3,0,1,0,4382
Australia VsPakistan,Australia,Travis Head,2.0,0,9,0,4.5,3,0,0,0,0,4382
Australia VsPakistan,Australia,Sean Abbott,3.0,0,15,0,5.0,9,2,0,0,0,4382
Australia VsPakistan,Australia,Marnus Labuschagne,5.5,0,31,0,5.31,14,1,0,0,0,4382
Afghanistan VsZimbabwe,Zimbabwe,Blessing Muzarabani,9.0,0,52,4,5.77,37,3,3,4,0,4397
Afghanistan VsZimbabwe,Zimbabwe,Tendai Chatara,10.0,2,61,0,6.1,35,6,1,1,0,4397
Afghanistan VsZimbabwe,Zimbabwe,Tanaka Chivanga,7.0,0,41,1,5.85,28,5,2,1,0,4397
Afghanistan VsZimbabwe,Zimbabwe,Donald Tiripano,5.0,0,26,0,5.2,22,4,0,3,1,4397
Afghanistan VsZimbabwe,Zimbabwe,Wessly Madhevere,6.0,0,22,0,3.66,18,1,0,0,0,4397
Afghanistan VsZimbabwe,Zimbabwe,Ryan Burl,6.0,0,24,0,4.0,18,2,0,0,0,4397
Afghanistan VsZimbabwe,Zimbabwe,Sikandar Raza,7.0,0,44,0,6.28,21,5,0,1,0,4397
Afghanistan VsZimbabwe,Afghanistan,Fazalhaq Farooqi,9.0,1,41,2,4.55,34,5,0,4,0,4397
Afghanistan VsZimbabwe,Afghanistan,Fareed Ahmad,9.0,2,27,1,3.0,36,2,0,0,0,4397
Afghanistan VsZimbabwe,Afghanistan,Azmatullah Omarzai,6.0,0,24,1,4.0,24,3,0,2,0,4397
Afghanistan VsZimbabwe,Afghanistan,Mujeeb Ur Rahman,6.0,0,43,0,7.16,13,5,0,2,0,4397
Afghanistan VsZimbabwe,Afghanistan,Rashid Khan,10.0,0,39,2,3.9,36,2,1,1,0,4397
Afghanistan VsZimbabwe,Afghanistan,Mohammad Nabi,10.0,0,34,4,3.4,37,3,0,0,0,4397
Zimbabwe VsAfghanistan,Afghanistan,Fazalhaq Farooqi,8.0,1,34,2,4.25,29,4,0,1,0,4400
Zimbabwe VsAfghanistan,Afghanistan,Mujeeb Ur Rahman,6.0,0,24,0,4.0,23,2,1,0,0,4400
Zimbabwe VsAfghanistan,Afghanistan,Fareed Ahmad,10.0,0,56,3,5.6,36,4,2,1,0,4400
Zimbabwe VsAfghanistan,Afghanistan,Azmatullah Omarzai,7.0,0,25,0,3.57,25,1,0,0,0,4400
Zimbabwe VsAfghanistan,Afghanistan,Mohammad Nabi,9.0,0,31,2,3.44,30,2,0,0,0,4400
Zimbabwe VsAfghanistan,Afghanistan,Rashid Khan,10.0,0,56,2,5.6,33,4,0,6,0,4400
Zimbabwe VsAfghanistan,Zimbabwe,Blessing Muzarabani,8.0,0,42,1,5.25,33,6,0,2,0,4400
Zimbabwe VsAfghanistan,Zimbabwe,Tendai Chatara,6.3,0,36,0,5.53,24,6,0,1,0,4400
Zimbabwe VsAfghanistan,Zimbabwe,Tanaka Chivanga,8.0,0,34,0,4.25,30,4,0,1,0,4400
Zimbabwe VsAfghanistan,Zimbabwe,Ryan Burl,5.0,0,31,0,6.2,11,3,0,0,0,4400
Zimbabwe VsAfghanistan,Zimbabwe,Sikandar Raza,6.0,0,24,0,4.0,17,1,0,0,0,4400
Zimbabwe VsAfghanistan,Zimbabwe,Donald Tiripano,6.0,0,32,1,5.33,21,4,0,3,0,4400
Zimbabwe VsAfghanistan,Zimbabwe,Milton Shumba,2.0,0,15,0,7.5,4,2,0,0,0,4400
Zimbabwe VsAfghanistan,Zimbabwe,Wessly Madhevere,3.0,0,11,0,3.66,8,0,0,1,0,4400
West Indies VsPakistan,Pakistan,Shaheen Shah Afridi,10.0,1,55,2,5.5,32,6,1,0,0,4401
West Indies VsPakistan,Pakistan,Hasan Ali,10.0,0,68,0,6.8,28,8,1,3,0,4401
West Indies VsPakistan,Pakistan,Haris Rauf,10.0,0,77,4,7.7,24,7,3,2,0,4401
West Indies VsPakistan,Pakistan,Mohammad Nawaz,10.0,0,61,1,6.1,27,5,2,0,0,4401
West Indies VsPakistan,Pakistan,Shadab Khan,10.0,0,37,1,3.7,27,1,0,0,0,4401
West Indies VsPakistan,West Indies,Jayden Seales,9.2,1,53,1,5.67,25,4,1,2,0,4401
West Indies VsPakistan,West Indies,Romario Shepherd,9.0,0,70,1,7.77,22,3,4,3,0,4401
West Indies VsPakistan,West Indies,Alzarri Joseph,10.0,0,55,2,5.5,29,5,0,4,0,4401
West Indies VsPakistan,West Indies,Kyle Mayers,6.0,0,39,0,6.5,13,3,0,2,0,4401
West Indies VsPakistan,West Indies,Akeal Hosein,10.0,0,50,1,5.0,21,2,0,0,0,4401
West Indies VsPakistan,West Indies,Hayden Walsh,5.0,0,39,0,7.8,8,3,1,1,0,4401
Zimbabwe VsAfghanistan,Afghanistan,Fazalhaq Farooqi,8.0,0,25,2,3.12,37,2,0,7,0,4403
Zimbabwe VsAfghanistan,Afghanistan,Fareed Ahmad,6.0,1,9,1,1.5,30,1,0,0,0,4403
Zimbabwe VsAfghanistan,Afghanistan,Mujeeb Ur Rahman,10.0,1,23,1,2.3,39,0,0,0,0,4403
Zimbabwe VsAfghanistan,Afghanistan,Azmatullah Omarzai,5.0,0,17,1,3.4,20,2,0,1,0,4403
Zimbabwe VsAfghanistan,Afghanistan,Rashid Khan,7.5,0,31,3,3.95,27,2,0,2,0,4403
Zimbabwe VsAfghanistan,Afghanistan,Mohammad Nabi,8.0,3,21,2,2.62,36,1,1,0,0,4403
Zimbabwe VsAfghanistan,Zimbabwe,Blessing Muzarabani,10.0,3,18,2,1.8,50,0,0,1,0,4403
Zimbabwe VsAfghanistan,Zimbabwe,Tendai Chatara,10.0,3,32,2,3.2,47,3,1,1,0,4403
Zimbabwe VsAfghanistan,Zimbabwe,Tanaka Chivanga,6.0,0,35,0,5.83,17,4,0,2,0,4403
Zimbabwe VsAfghanistan,Zimbabwe,Sikandar Raza,4.0,1,13,0,3.25,17,2,0,0,0,4403
Zimbabwe VsAfghanistan,Zimbabwe,Wessly Madhevere,3.0,0,8,0,2.66,13,1,0,0,0,4403
Zimbabwe VsAfghanistan,Zimbabwe,Dion Myers,2.0,0,13,1,6.5,6,2,0,0,0,4403
Zimbabwe VsAfghanistan,Zimbabwe,Ryan Burl,2.4,0,13,1,4.87,10,0,1,0,0,4403
Pakistan VsWest Indies,West Indies,Alzarri Joseph,10.0,1,33,2,3.3,36,2,0,2,0,4405
Pakistan VsWest Indies,West Indies,Kyle Mayers,3.0,0,24,0,8.0,7,4,0,1,0,4405
Pakistan VsWest Indies,West Indies,Anderson Phillip,8.0,0,50,2,6.25,23,5,1,1,0,4405
Pakistan VsWest Indies,West Indies,Romario Shepherd,5.0,1,27,0,5.4,17,4,0,0,0,4405
Pakistan VsWest Indies,West Indies,Rovman Powell,4.0,0,24,0,6.0,5,1,0,0,0,4405
Pakistan VsWest Indies,West Indies,Hayden Walsh,10.0,0,62,0,6.2,21,3,1,1,0,4405
Pakistan VsWest Indies,West Indies,Akeal Hosein,10.0,0,52,3,5.2,28,3,1,1,0,4405
Pakistan VsWest Indies,Pakistan,Shaheen Shah Afridi,4.0,1,17,1,4.25,18,1,1,1,0,4405
Pakistan VsWest Indies,Pakistan,Haris Rauf,5.0,1,30,0,6.0,19,4,1,0,0,4405
Pakistan VsWest Indies,Pakistan,Mohammad Wasim,4.2,0,34,3,7.84,14,5,1,1,0,4405
Pakistan VsWest Indies,Pakistan,Mohammad Nawaz,10.0,0,19,4,1.9,44,0,0,1,0,4405
Pakistan VsWest Indies,Pakistan,Shadab Khan,9.0,1,40,2,4.44,31,1,2,0,0,4405
Pakistan VsWest Indies,West Indies,Jayden Seales,6.0,1,39,1,6.5,19,4,1,1,1,4407
Pakistan VsWest Indies,West Indies,Keemo Paul,9.0,0,57,2,6.33,30,6,1,3,0,4407
Pakistan VsWest Indies,West Indies,Romario Shepherd,3.0,0,13,0,4.33,11,2,0,0,0,4407
Pakistan VsWest Indies,West Indies,Hayden Walsh,10.0,0,66,1,6.6,21,5,1,1,0,4407
Pakistan VsWest Indies,West Indies,Nicholas Pooran,10.0,0,48,4,4.8,24,2,0,1,0,4407
Pakistan VsWest Indies,West Indies,Akeal Hosein,10.0,0,43,1,4.3,33,1,1,1,1,4407
Pakistan VsWest Indies,Pakistan,Hasan Ali,5.2,0,29,2,5.43,20,4,0,2,1,4407
Pakistan VsWest Indies,Pakistan,Shahnawaz Dahani,6.0,0,36,1,6.0,22,4,1,2,0,4407
Pakistan VsWest Indies,Pakistan,Mohammad Wasim,7.0,1,21,1,3.0,28,2,0,1,0,4407
Pakistan VsWest Indies,Pakistan,Mohammad Nawaz,10.0,1,56,2,5.6,35,2,5,0,0,4407
Pakistan VsWest Indies,Pakistan,Shadab Khan,9.0,1,62,4,6.88,28,3,4,0,0,4407
Sri Lanka VsAustralia,Australia,Josh Hazlewood,10.0,0,54,1,5.4,28,6,0,1,0,4409
Sri Lanka VsAustralia,Australia,Glenn Maxwell,10.0,0,60,0,6.0,31,6,1,3,0,4409
Sri Lanka VsAustralia,Australia,Pat Cummins,8.0,1,48,0,6.0,25,5,1,1,0,4409
Sri Lanka VsAustralia,Australia,Jhye Richardson,8.0,0,64,1,8.0,18,9,0,1,0,4409
Sri Lanka VsAustralia,Australia,Ashton Agar,10.0,0,49,2,4.9,25,4,0,0,0,4409
Sri Lanka VsAustralia,Australia,Marcus Stoinis,1.0,0,3,0,3.0,4,0,0,0,0,4409
Sri Lanka VsAustralia,Australia,Marnus Labuschagne,3.0,0,19,2,6.33,8,3,0,0,0,4409
Sri Lanka VsAustralia,Sri Lanka,Dushmantha Chameera,7.3,0,60,0,8.0,23,5,3,3,0,4409
Sri Lanka VsAustralia,Sri Lanka,Maheesh Theekshana,8.0,0,51,1,6.37,21,3,2,1,0,4409
Sri Lanka VsAustralia,Sri Lanka,Chamika Karunaratne,4.0,0,16,0,4.0,12,1,0,0,0,4409
Sri Lanka VsAustralia,Sri Lanka,Wanindu Hasaranga de Silva,9.0,0,58,4,6.44,27,3,4,0,0,4409
Sri Lanka VsAustralia,Sri Lanka,Dunith Wellalage,7.0,0,49,2,7.0,16,6,0,0,0,4409
Sri Lanka VsAustralia,Sri Lanka,Dhananjaya de Silva,3.0,0,14,0,4.66,8,1,0,0,0,4409
Sri Lanka VsAustralia,Sri Lanka,Dasun Shanaka,4.0,0,27,1,6.75,8,3,0,0,0,4409
Sri Lanka VsAustralia,Australia,Josh Hazlewood,7.0,1,26,0,3.71,27,3,0,0,0,4412
Sri Lanka VsAustralia,Australia,Matthew Kuhnemann,10.0,0,48,2,4.8,29,4,0,1,0,4412
Sri Lanka VsAustralia,Australia,Glenn Maxwell,10.0,2,35,2,3.5,39,2,1,1,0,4412
Sri Lanka VsAustralia,Australia,Pat Cummins,8.4,0,35,4,4.03,30,3,0,0,0,4412
Sri Lanka VsAustralia,Australia,Mitchell Swepson,10.0,0,58,1,5.8,30,5,2,1,0,4412
Sri Lanka VsAustralia,Australia,Marnus Labuschagne,2.0,0,13,0,6.5,5,0,1,0,0,4412
Sri Lanka VsAustralia,Sri Lanka,Dushmantha Chameera,6.1,0,19,2,3.08,27,2,0,1,0,4412
Sri Lanka VsAustralia,Sri Lanka,Maheesh Theekshana,8.0,0,44,0,5.5,25,5,0,2,0,4412
Sri Lanka VsAustralia,Sri Lanka,Dhananjaya de Silva,6.0,0,26,2,4.33,16,1,0,0,0,4412
Sri Lanka VsAustralia,Sri Lanka,Jeffrey Vandersay,5.0,1,23,0,4.6,20,4,0,0,0,4412
Sri Lanka VsAustralia,Sri Lanka,Chamika Karunaratne,7.0,0,47,3,6.71,18,5,0,3,0,4412
Sri Lanka VsAustralia,Sri Lanka,Dunith Wellalage,5.0,0,25,2,5.0,16,3,0,0,0,4412
Australia VsSri Lanka,Sri Lanka,Dushmantha Chameera,8.0,0,49,1,6.12,25,5,1,0,1,4415
Australia VsSri Lanka,Sri Lanka,Maheesh Theekshana,10.0,0,37,0,3.7,33,1,0,0,2,4415
Australia VsSri Lanka,Sri Lanka,Chamika Karunaratne,5.0,0,46,0,9.2,10,6,1,1,0,4415
Australia VsSri Lanka,Sri Lanka,Dunith Wellalage,10.0,0,56,1,5.6,29,2,3,0,0,4415
Australia VsSri Lanka,Sri Lanka,Jeffrey Vandersay,10.0,0,49,3,4.9,23,0,1,0,0,4415
Australia VsSri Lanka,Sri Lanka,Dhananjaya de Silva,6.0,0,35,1,5.83,15,2,1,0,0,4415
Australia VsSri Lanka,Sri Lanka,Dasun Shanaka,1.0,0,10,0,10.0,1,1,0,1,0,4415
Australia VsSri Lanka,Australia,Josh Hazlewood,9.3,0,57,1,6.0,30,5,2,0,0,4415
Australia VsSri Lanka,Australia,Jhye Richardson,9.0,0,39,2,4.33,30,4,0,1,0,4415
Australia VsSri Lanka,Australia,Glenn Maxwell,7.0,0,44,1,6.28,18,4,1,0,0,4415
Australia VsSri Lanka,Australia,Matthew Kuhnemann,10.0,0,61,0,6.1,20,6,0,0,0,4415
Australia VsSri Lanka,Australia,Cameron Green,5.0,0,30,0,6.0,9,2,0,1,0,4415
Australia VsSri Lanka,Australia,Marnus Labuschagne,7.0,0,49,0,7.0,13,5,0,0,0,4415
Australia VsSri Lanka,Australia,Travis Head,1.0,0,9,0,9.0,3,2,0,0,0,4415
Sri Lanka VsAustralia,Australia,Josh Hazlewood,10.0,0,45,0,4.5,36,6,0,1,0,4416
Sri Lanka VsAustralia,Australia,Glenn Maxwell,8.0,0,49,1,6.12,21,3,1,1,0,4416
Sri Lanka VsAustralia,Australia,Matthew Kuhnemann,8.0,0,56,2,7.0,17,6,0,1,0,4416
Sri Lanka VsAustralia,Australia,Pat Cummins,9.0,1,37,2,4.11,34,2,1,2,0,4416
Sri Lanka VsAustralia,Australia,Mitchell Marsh,7.0,1,29,2,4.14,24,2,0,0,1,4416
Sri Lanka VsAustralia,Australia,Cameron Green,5.0,0,27,0,5.4,13,3,0,0,0,4416
Sri Lanka VsAustralia,Australia,Marnus Labuschagne,2.0,0,13,0,6.5,3,1,0,0,0,4416
Sri Lanka VsAustralia,Sri Lanka,Chamika Karunaratne,5.0,1,19,2,3.8,20,1,0,1,0,4416
Sri Lanka VsAustralia,Sri Lanka,Maheesh Theekshana,10.0,1,40,1,4.0,41,6,0,0,0,4416
Sri Lanka VsAustralia,Sri Lanka,Wanindu Hasaranga de Silva,10.0,0,52,1,5.2,29,5,0,0,0,4416
Sri Lanka VsAustralia,Sri Lanka,Dunith Wellalage,5.0,0,29,1,5.8,14,1,1,1,0,4416
Sri Lanka VsAustralia,Sri Lanka,Dhananjaya de Silva,10.0,0,39,2,3.9,33,2,0,0,0,4416
Sri Lanka VsAustralia,Sri Lanka,Jeffrey Vandersay,7.0,0,40,2,5.71,19,4,0,1,0,4416
Sri Lanka VsAustralia,Sri Lanka,Charith Asalanka,1.0,0,7,0,7.0,3,1,0,0,0,4416
Sri Lanka VsAustralia,Sri Lanka,Dasun Shanaka,2.0,0,27,1,13.5,5,5,0,0,1,4416
Sri Lanka VsAustralia,Australia,Josh Hazlewood,7.0,3,22,2,3.14,31,3,0,0,0,4418
Sri Lanka VsAustralia,Australia,Glenn Maxwell,10.0,0,38,1,3.8,33,3,0,0,0,4418
Sri Lanka VsAustralia,Australia,Matthew Kuhnemann,10.0,3,26,2,2.6,47,4,0,0,0,4418
Sri Lanka VsAustralia,Australia,Pat Cummins,6.1,1,22,2,3.56,28,3,0,1,0,4418
Sri Lanka VsAustralia,Australia,Mitchell Marsh,1.0,0,3,0,3.0,4,0,0,0,0,4418
Sri Lanka VsAustralia,Australia,Marnus Labuschagne,7.0,1,36,0,5.14,29,3,2,1,0,4418
Sri Lanka VsAustralia,Australia,Cameron Green,2.0,0,13,1,6.5,6,1,0,1,0,4418
Sri Lanka VsAustralia,Sri Lanka,Chamika Karunaratne,3.0,0,19,0,6.33,8,2,0,1,0,4418
Sri Lanka VsAustralia,Sri Lanka,Maheesh Theekshana,10.0,1,26,2,2.6,45,1,0,4,0,4418
Sri Lanka VsAustralia,Sri Lanka,Dunith Wellalage,10.0,0,42,3,4.2,35,4,0,2,0,4418
Sri Lanka VsAustralia,Sri Lanka,Jeffrey Vandersay,9.3,0,46,0,4.84,31,3,1,0,0,4418
Sri Lanka VsAustralia,Sri Lanka,Pramod Madushan,3.0,0,13,1,4.33,12,2,0,0,0,4418
Sri Lanka VsAustralia,Sri Lanka,Charith Asalanka,4.0,0,18,0,4.5,12,1,0,1,0,4418
Ireland VsNew Zealand,New Zealand,Matt Henry,10.0,1,62,1,6.2,33,9,1,0,1,4419
Ireland VsNew Zealand,New Zealand,Lockie Ferguson,10.0,1,44,2,4.4,38,5,1,1,0,4419
Ireland VsNew Zealand,New Zealand,Blair Tickner,10.0,0,71,2,7.1,30,8,3,2,0,4419
Ireland VsNew Zealand,New Zealand,Ish Sodhi,10.0,0,62,2,6.2,27,5,2,2,0,4419
Ireland VsNew Zealand,New Zealand,Michael Bracewell,8.0,0,42,0,5.25,25,4,1,1,0,4419
Ireland VsNew Zealand,New Zealand,Glenn Phillips,2.0,0,9,1,4.5,8,0,1,0,0,4419
Ireland VsNew Zealand,Ireland,Mark Adair,7.0,1,43,2,6.14,23,3,1,5,0,4419
Ireland VsNew Zealand,Ireland,Craig Young,9.5,0,78,1,7.93,30,8,4,0,0,4419
Ireland VsNew Zealand,Ireland,Josh Little,6.0,0,46,1,7.66,18,7,1,0,0,4419
Ireland VsNew Zealand,Ireland,Curtis Campher,10.0,0,49,3,4.9,39,4,1,3,0,4419
Ireland VsNew Zealand,Ireland,Simi Singh,10.0,0,52,0,5.2,24,1,2,1,0,4419
Ireland VsNew Zealand,Ireland,Andy McBrine,7.0,0,33,1,4.71,24,3,1,1,0,4419
West Indies VsBangladesh,Bangladesh,Nasum Ahmed,8.0,3,16,0,2.0,40,2,0,1,0,4421
West Indies VsBangladesh,Bangladesh,Mustafizur Rahman,8.0,0,34,1,4.25,25,2,0,0,0,4421
West Indies VsBangladesh,Bangladesh,Mehidy Hasan Miraz,9.0,2,36,3,4.0,37,5,0,0,0,4421
West Indies VsBangladesh,Bangladesh,Taskin Ahmed,8.0,0,25,0,3.12,32,1,0,3,0,4421
West Indies VsBangladesh,Bangladesh,Shoriful Islam,8.0,1,34,4,4.25,27,0,1,0,1,4421
West Indies VsBangladesh,West Indies,Akeal Hosein,8.0,0,43,1,5.37,27,4,1,3,0,4421
West Indies VsBangladesh,West Indies,Jayden Seales,3.5,0,26,0,6.78,9,4,0,0,0,4421
West Indies VsBangladesh,West Indies,Anderson Phillip,2.0,0,15,0,7.5,6,1,1,0,0,4421
West Indies VsBangladesh,West Indies,Romario Shepherd,2.0,0,10,0,5.0,8,1,0,3,0,4421
West Indies VsBangladesh,West Indies,Gudakesh Motie,9.0,1,18,1,2.0,41,1,0,1,0,4421
West Indies VsBangladesh,West Indies,Nicholas Pooran,7.0,0,39,1,5.57,19,2,1,1,2,4421
Ireland VsNew Zealand,New Zealand,Matt Henry,9.0,3,40,2,4.44,40,5,2,0,0,4423
Ireland VsNew Zealand,New Zealand,Jacob Duffy,9.0,1,52,1,5.77,34,6,1,4,3,4423
Ireland VsNew Zealand,New Zealand,Blair Tickner,6.0,1,42,0,7.0,20,6,0,6,0,4423
Ireland VsNew Zealand,New Zealand,Michael Bracewell,10.0,1,26,2,2.6,44,1,1,0,0,4423
Ireland VsNew Zealand,New Zealand,Mitchell Santner,10.0,1,32,2,3.2,42,0,2,0,0,4423
Ireland VsNew Zealand,New Zealand,Glenn Phillips,4.0,0,18,1,4.5,10,1,0,1,0,4423
Ireland VsNew Zealand,Ireland,Mark Adair,5.0,0,29,2,5.8,17,3,1,2,0,4423
Ireland VsNew Zealand,Ireland,Craig Young,7.0,1,37,1,5.28,30,6,1,0,0,4423
Ireland VsNew Zealand,Ireland,Josh Little,4.0,0,29,0,7.25,9,2,0,1,0,4423
Ireland VsNew Zealand,Ireland,Andy McBrine,10.0,0,46,0,4.6,35,3,2,1,0,4423
Ireland VsNew Zealand,Ireland,Curtis Campher,4.0,0,17,1,4.25,14,2,0,1,0,4423
Ireland VsNew Zealand,Ireland,Simi Singh,8.1,0,51,2,6.24,28,2,4,0,1,4423
England VsIndia,India,Mohammed Shami,7.0,0,31,3,4.42,29,5,0,1,0,4424
England VsIndia,India,Jasprit Bumrah,7.2,3,19,6,2.59,38,2,0,2,0,4424
England VsIndia,India,Hardik Pandya,4.0,0,22,0,5.5,13,3,0,0,0,4424
England VsIndia,India,Prasidh Krishna,5.0,0,26,1,5.2,22,6,0,0,0,4424
England VsIndia,India,Yuzvendra Chahal,2.0,0,10,0,5.0,7,0,1,0,0,4424
England VsIndia,England,David Willey,3.0,0,8,0,2.66,15,0,1,0,0,4424
England VsIndia,England,Reece Topley,5.0,3,22,0,4.4,23,4,0,1,0,4424
England VsIndia,England,Craig Overton,4.0,0,34,0,8.5,11,4,1,3,0,4424
England VsIndia,England,Brydon Carse,3.4,0,38,0,10.36,11,3,3,1,0,4424
England VsIndia,England,Ben Stokes,1.0,0,1,0,1.0,5,0,0,0,0,4424
England VsIndia,England,Moeen Ali,2.0,0,9,0,4.5,6,0,0,0,0,4424
West Indies VsBangladesh,Bangladesh,Mosaddek Hossain,10.0,0,37,1,3.7,40,4,0,2,0,4426
West Indies VsBangladesh,Bangladesh,Mustafizur Rahman,4.0,0,12,0,3.0,16,1,0,0,0,4426
West Indies VsBangladesh,Bangladesh,Mehidy Hasan Miraz,8.0,1,29,4,3.62,32,4,0,0,0,4426
West Indies VsBangladesh,Bangladesh,Nasum Ahmed,10.0,4,19,3,1.9,48,2,0,1,0,4426
West Indies VsBangladesh,Bangladesh,Shoriful Islam,3.0,0,9,1,3.0,9,0,0,0,0,4426
West Indies VsBangladesh,West Indies,Alzarri Joseph,3.0,0,7,0,2.33,15,0,0,2,0,4426
West Indies VsBangladesh,West Indies,Akeal Hosein,6.0,0,35,0,5.83,21,4,0,3,0,4426
West Indies VsBangladesh,West Indies,Gudakesh Motie,7.4,1,39,1,5.08,31,7,0,2,0,4426
West Indies VsBangladesh,West Indies,Nicholas Pooran,2.0,0,14,0,7.0,6,2,0,1,1,4426
West Indies VsBangladesh,West Indies,Keemo Paul,2.0,0,16,0,8.0,5,2,0,0,0,4426
England VsIndia,India,Mohammed Shami,10.0,0,48,1,4.8,39,4,1,3,0,4428
England VsIndia,India,Jasprit Bumrah,10.0,1,49,2,4.9,39,4,2,0,1,4428
England VsIndia,India,Hardik Pandya,6.0,0,28,2,4.66,20,1,1,3,0,4428
England VsIndia,India,Prasidh Krishna,8.0,0,53,1,6.62,23,4,2,1,0,4428
England VsIndia,India,Yuzvendra Chahal,10.0,0,47,4,4.7,33,4,1,1,0,4428
England VsIndia,India,Ravindra Jadeja,5.0,0,17,0,3.4,15,0,0,0,0,4428
England VsIndia,England,Reece Topley,9.5,2,24,6,2.44,48,4,0,1,0,4428
England VsIndia,England,David Willey,9.0,2,27,1,3.0,34,1,0,0,0,4428
England VsIndia,England,Brydon Carse,7.0,0,32,1,4.57,21,1,1,0,0,4428
England VsIndia,England,Craig Overton,7.0,0,22,0,3.14,26,2,0,0,0,4428
England VsIndia,England,Moeen Ali,4.0,0,30,1,7.5,11,2,2,0,0,4428
England VsIndia,England,Liam Livingstone,2.0,1,4,1,2.0,9,0,0,0,0,4428
New Zealand VsIreland,Ireland,Craig Young,8.0,0,56,1,7.0,25,8,1,0,1,4429
New Zealand VsIreland,Ireland,Graham Hume,9.0,0,62,0,6.88,28,5,3,2,0,4429
New Zealand VsIreland,Ireland,Josh Little,10.0,0,84,2,8.4,30,13,1,5,1,4429
New Zealand VsIreland,Ireland,Andy McBrine,9.0,0,53,0,5.88,25,6,1,0,0,4429
New Zealand VsIreland,Ireland,Curtis Campher,7.0,0,46,1,6.57,17,2,2,0,0,4429
New Zealand VsIreland,Ireland,Gareth Delany,7.0,0,50,1,7.14,16,6,1,0,0,4429
New Zealand VsIreland,New Zealand,Lockie Ferguson,10.0,0,60,0,6.0,36,6,2,3,1,4429
New Zealand VsIreland,New Zealand,Matt Henry,10.0,0,68,4,6.8,28,9,1,1,0,4429
New Zealand VsIreland,New Zealand,Blair Tickner,10.0,0,71,1,7.1,23,7,2,2,0,4429
New Zealand VsIreland,New Zealand,Michael Bracewell,7.0,0,51,0,7.28,14,4,2,0,0,4429
New Zealand VsIreland,New Zealand,Mitchell Santner,10.0,0,71,3,7.1,27,6,3,1,0,4429
New Zealand VsIreland,New Zealand,Glenn Phillips,3.0,0,22,0,7.33,7,2,1,0,0,4429
West Indies VsBangladesh,Bangladesh,Nasum Ahmed,9.4,1,39,2,4.03,33,1,1,0,0,4431
West Indies VsBangladesh,Bangladesh,Mustafizur Rahman,9.0,0,24,2,2.66,37,1,0,3,0,4431
West Indies VsBangladesh,Bangladesh,Taijul Islam,10.0,2,28,5,2.8,44,3,0,0,0,4431
West Indies VsBangladesh,Bangladesh,Mosaddek Hossain,10.0,1,23,1,2.3,44,1,0,1,0,4431
West Indies VsBangladesh,Bangladesh,Mehidy Hasan Miraz,8.0,0,61,0,7.62,24,4,4,0,0,4431
West Indies VsBangladesh,Bangladesh,Afif Hossain,2.0,1,2,0,1.0,10,0,0,0,0,4431
West Indies VsBangladesh,West Indies,Alzarri Joseph,10.0,0,25,1,2.5,46,3,0,2,0,4431
West Indies VsBangladesh,West Indies,Romario Shepherd,10.0,0,38,0,3.8,38,3,0,2,0,4431
West Indies VsBangladesh,West Indies,Akeal Hosein,10.0,3,45,0,4.5,36,5,1,0,0,4431
West Indies VsBangladesh,West Indies,Rovman Powell,1.5,0,8,0,4.36,6,1,0,0,0,4431
West Indies VsBangladesh,West Indies,Keacy Carty,0.1,0,1,0,6.0,0,0,0,0,0,4431
West Indies VsBangladesh,West Indies,Gudakesh Motie,10.0,2,23,4,2.3,44,2,0,0,0,4431
West Indies VsBangladesh,West Indies,Nicholas Pooran,6.3,0,38,1,5.84,14,1,1,1,0,4431
England VsIndia,India,Mohammed Shami,7.0,0,38,0,5.42,24,6,0,0,0,4433
England VsIndia,India,Mohammed Siraj,9.0,1,66,2,7.33,29,7,1,5,0,4433
England VsIndia,India,Prasidh Krishna,9.0,0,48,0,5.33,31,5,1,2,1,4433
England VsIndia,India,Hardik Pandya,7.0,3,24,4,3.42,33,0,2,0,0,4433
England VsIndia,India,Yuzvendra Chahal,9.5,0,60,3,6.1,25,0,4,2,0,4433
England VsIndia,India,Ravindra Jadeja,4.0,0,21,1,5.25,11,2,0,0,1,4433
England VsIndia,England,Reece Topley,7.0,1,35,3,5.0,28,6,0,2,0,4433
England VsIndia,England,David Willey,7.0,0,58,0,8.28,20,10,1,1,0,4433
England VsIndia,England,Brydon Carse,8.0,0,45,1,5.62,21,5,0,0,0,4433
England VsIndia,England,Moeen Ali,8.0,0,33,0,4.12,22,2,0,0,0,4433
England VsIndia,England,Craig Overton,8.0,0,54,1,6.75,23,6,1,0,0,4433
England VsIndia,England,Ben Stokes,2.0,0,14,0,7.0,4,2,0,0,0,4433
England VsIndia,England,Liam Livingstone,2.0,0,14,0,7.0,4,2,0,0,0,4433
England VsIndia,England,Joe Root,0.1,0,4,0,24.0,0,1,0,0,0,4433
South Africa VsEngland,England,Sam Curran,10.0,1,67,1,6.7,25,8,0,0,0,4434
South Africa VsEngland,England,Matthew Potts,4.0,0,33,0,8.25,12,5,0,3,0,4434
South Africa VsEngland,England,Moeen Ali,8.0,0,47,1,5.87,17,4,0,0,0,4434
South Africa VsEngland,England,Brydon Carse,9.0,0,46,1,5.11,24,2,0,1,0,4434
South Africa VsEngland,England,Ben Stokes,5.0,0,44,0,8.8,9,6,0,0,1,4434
South Africa VsEngland,England,Adil Rashid,10.0,0,63,0,6.3,19,4,0,2,0,4434
South Africa VsEngland,England,Liam Livingstone,4.0,0,30,2,7.5,7,3,0,0,0,4434
South Africa VsEngland,South Africa,Keshav Maharaj,10.0,1,42,1,4.2,32,2,1,0,0,4434
South Africa VsEngland,South Africa,Lungi Ngidi,9.0,0,49,1,5.44,22,4,0,0,1,4434
South Africa VsEngland,South Africa,Anrich Nortje,8.5,0,53,4,6.0,28,7,0,4,0,4434
South Africa VsEngland,South Africa,Tabraiz Shamsi,9.0,0,53,2,5.88,21,2,1,2,0,4434
South Africa VsEngland,South Africa,Andile Phehlukwayo,3.0,0,17,0,5.66,6,1,0,0,0,4434
South Africa VsEngland,South Africa,Aiden Markram,4.0,0,25,2,6.25,12,2,1,1,0,4434
South Africa VsEngland,South Africa,Dwaine Pretorius,3.0,0,26,0,8.66,5,3,0,0,0,4434
England VsSouth Africa,South Africa,Keshav Maharaj,6.0,0,29,1,4.83,16,1,1,0,0,4435
England VsSouth Africa,South Africa,Lungi Ngidi,5.0,0,39,0,7.8,10,6,0,0,0,4435
England VsSouth Africa,South Africa,Anrich Nortje,5.1,0,53,2,10.25,11,4,3,3,0,4435
England VsSouth Africa,South Africa,Dwaine Pretorius,6.0,0,36,4,6.0,17,3,1,1,0,4435
England VsSouth Africa,South Africa,Tabraiz Shamsi,6.0,0,39,2,6.5,15,2,2,0,0,4435
England VsSouth Africa,England,Reece Topley,4.0,0,17,2,4.25,14,2,0,1,0,4435
England VsSouth Africa,England,David Willey,4.0,1,9,1,2.25,19,1,0,0,0,4435
England VsSouth Africa,England,Sam Curran,2.0,0,5,1,2.5,8,0,0,0,0,4435
England VsSouth Africa,England,Adil Rashid,6.0,1,29,3,4.83,19,2,0,2,0,4435
England VsSouth Africa,England,Moeen Ali,4.4,1,22,2,4.71,15,2,0,0,0,4435
India VsWest Indies,West Indies,Alzarri Joseph,10.0,0,61,2,6.1,32,7,2,1,0,4436
India VsWest Indies,West Indies,Jayden Seales,9.0,1,54,0,6.0,30,5,2,1,0,4436
India VsWest Indies,West Indies,Romario Shepherd,7.0,0,43,1,6.14,18,5,0,1,0,4436
India VsWest Indies,West Indies,Kyle Mayers,2.0,0,17,0,8.5,5,3,0,1,0,4436
India VsWest Indies,West Indies,Gudakesh Motie,10.0,0,54,2,5.4,32,3,3,0,0,4436
India VsWest Indies,West Indies,Akeal Hosein,10.0,0,51,1,5.1,23,2,1,1,0,4436
India VsWest Indies,West Indies,Nicholas Pooran,2.0,0,23,0,11.5,4,1,2,1,1,4436
India VsWest Indies,India,Mohammed Siraj,10.0,0,57,2,5.7,31,7,0,3,0,4436
India VsWest Indies,India,Prasidh Krishna,10.0,1,62,0,6.2,34,6,3,2,0,4436
India VsWest Indies,India,Shardul Thakur,8.0,0,54,2,6.75,18,3,1,1,3,4436
India VsWest Indies,India,Axar Patel,7.0,0,43,0,6.14,17,3,1,0,0,4436
India VsWest Indies,India,Deepak Hooda,5.0,0,22,0,4.4,14,1,0,3,0,4436
India VsWest Indies,India,Yuzvendra Chahal,10.0,0,58,2,5.8,28,3,3,0,0,4436
West Indies VsIndia,India,Mohammed Siraj,10.0,1,46,0,4.6,36,4,1,2,0,4438
West Indies VsIndia,India,Avesh Khan,6.0,0,54,0,9.0,13,8,1,0,0,4438
West Indies VsIndia,India,Shardul Thakur,7.0,0,54,3,7.71,16,3,2,3,1,4438
West Indies VsIndia,India,Deepak Hooda,9.0,0,42,1,4.66,27,3,1,0,0,4438
West Indies VsIndia,India,Axar Patel,9.0,1,40,1,4.44,30,3,1,0,0,4438
West Indies VsIndia,India,Yuzvendra Chahal,9.0,0,69,1,7.66,25,2,6,1,0,4438
West Indies VsIndia,West Indies,Alzarri Joseph,10.0,1,46,2,4.6,29,1,1,1,2,4438
West Indies VsIndia,West Indies,Jayden Seales,10.0,0,40,1,4.0,35,4,0,0,0,4438
West Indies VsIndia,West Indies,Romario Shepherd,10.0,0,69,1,6.9,21,7,1,2,0,4438
West Indies VsIndia,West Indies,Kyle Mayers,7.4,0,48,2,6.26,19,3,2,1,0,4438
West Indies VsIndia,West Indies,Akeal Hosein,9.0,0,72,1,8.0,15,3,4,0,0,4438
West Indies VsIndia,West Indies,Hayden Walsh,3.0,0,24,0,8.0,8,1,2,0,0,4438
India VsWest Indies,West Indies,Jason Holder,6.0,0,43,0,7.16,14,5,0,1,2,4439
India VsWest Indies,West Indies,Jayden Seales,7.0,0,50,0,7.14,15,6,0,2,0,4439
India VsWest Indies,West Indies,Keemo Paul,6.0,0,23,0,3.83,19,1,0,0,0,4439
India VsWest Indies,West Indies,Akeal Hosein,8.0,0,43,1,5.37,21,2,0,3,1,4439
India VsWest Indies,West Indies,Hayden Walsh,8.0,0,57,2,7.12,20,4,3,1,0,4439
India VsWest Indies,West Indies,Kyle Mayers,1.0,0,8,0,8.0,1,1,0,0,0,4439
India VsWest Indies,India,Deepak Hooda,4.0,1,16,0,4.0,16,1,1,0,0,4439
India VsWest Indies,India,Mohammed Siraj,3.0,0,14,2,4.66,12,0,1,0,0,4439
India VsWest Indies,India,Axar Patel,6.0,0,38,1,6.33,15,4,1,0,0,4439
India VsWest Indies,India,Prasidh Krishna,4.0,0,30,1,7.5,10,5,0,1,0,4439
India VsWest Indies,India,Yuzvendra Chahal,4.0,0,17,4,4.25,11,1,0,0,0,4439
India VsWest Indies,India,Shardul Thakur,5.0,0,17,2,3.4,18,1,0,0,0,4439
Bangladesh VsZimbabwe,Zimbabwe,Richard Ngarava,10.0,1,61,0,6.1,33,9,0,2,0,4441
Bangladesh VsZimbabwe,Zimbabwe,Victor Nyauchi,9.0,1,65,1,7.22,31,7,2,2,0,4441
Bangladesh VsZimbabwe,Zimbabwe,Wellington Masakadza,5.0,0,31,0,6.2,15,5,0,1,0,4441
Bangladesh VsZimbabwe,Zimbabwe,Luke Jongwe,10.0,0,56,0,5.6,25,3,1,2,0,4441
Bangladesh VsZimbabwe,Zimbabwe,Ryan Burl,1.1,0,8,0,6.85,5,1,0,2,0,4441
Bangladesh VsZimbabwe,Zimbabwe,Milton Shumba,4.5,0,27,0,5.58,14,2,1,0,0,4441
Bangladesh VsZimbabwe,Zimbabwe,Sikandar Raza,9.0,0,48,1,5.33,21,5,0,0,0,4441
Bangladesh VsZimbabwe,Zimbabwe,Wessly Madhevere,1.0,0,5,0,5.0,1,0,0,0,0,4441
Bangladesh VsZimbabwe,Bangladesh,Mustafizur Rahman,9.0,0,57,1,6.33,33,6,2,2,0,4441
Bangladesh VsZimbabwe,Bangladesh,Shoriful Islam,8.4,0,57,1,6.57,30,5,3,2,0,4441
Bangladesh VsZimbabwe,Bangladesh,Taskin Ahmed,10.0,1,52,0,5.2,36,5,1,3,0,4441
Bangladesh VsZimbabwe,Bangladesh,Mehidy Hasan Miraz,10.0,0,59,1,5.9,21,3,1,0,0,4441
Bangladesh VsZimbabwe,Bangladesh,Mosaddek Hossain,9.2,0,67,1,7.17,16,4,2,1,0,4441
Bangladesh VsZimbabwe,Bangladesh,Mahmudullah,1.2,0,12,0,9.0,0,1,0,1,0,4441
Bangladesh VsZimbabwe,Zimbabwe,Brad Evans,7.4,0,64,0,8.34,15,6,2,0,0,4442
Bangladesh VsZimbabwe,Zimbabwe,Victor Nyauchi,8.0,0,39,1,4.87,30,4,1,1,0,4442
Bangladesh VsZimbabwe,Zimbabwe,Tanaka Chivanga,8.2,0,49,1,5.88,33,9,0,0,1,4442
Bangladesh VsZimbabwe,Zimbabwe,Sikandar Raza,10.0,0,56,3,5.6,23,3,0,2,0,4442
Bangladesh VsZimbabwe,Zimbabwe,Wessly Madhevere,9.0,1,40,2,4.44,29,4,0,2,0,4442
Bangladesh VsZimbabwe,Zimbabwe,Luke Jongwe,7.0,0,40,0,5.71,21,3,1,1,0,4442
Bangladesh VsZimbabwe,Bangladesh,Hasan Mahmud,9.0,1,47,2,5.22,33,4,2,2,0,4442
Bangladesh VsZimbabwe,Bangladesh,Mehidy Hasan Miraz,10.0,0,50,2,5.0,26,3,1,0,0,4442
Bangladesh VsZimbabwe,Bangladesh,Shoriful Islam,9.0,0,77,0,8.55,20,7,3,4,0,4442
Bangladesh VsZimbabwe,Bangladesh,Taskin Ahmed,9.0,0,62,0,6.88,19,6,0,1,0,4442
Bangladesh VsZimbabwe,Bangladesh,Taijul Islam,10.0,0,48,1,4.8,32,3,2,0,0,4442
Bangladesh VsZimbabwe,Bangladesh,Afif Hossain,0.3,0,6,0,12.0,0,1,0,0,0,4442
Bangladesh VsZimbabwe,Zimbabwe,Richard Ngarava,10.0,1,51,1,5.1,40,4,3,2,0,4443
Bangladesh VsZimbabwe,Zimbabwe,Victor Nyauchi,6.0,0,24,0,4.0,26,2,0,4,0,4443
Bangladesh VsZimbabwe,Zimbabwe,Brad Evans,8.0,1,53,2,6.62,28,6,2,1,0,4443
Bangladesh VsZimbabwe,Zimbabwe,Sikandar Raza,10.0,0,42,1,4.2,29,2,0,1,0,4443
Bangladesh VsZimbabwe,Zimbabwe,Luke Jongwe,6.0,0,38,2,6.33,21,3,1,3,1,4443
Bangladesh VsZimbabwe,Zimbabwe,Innocent Kaia,4.0,0,16,0,4.0,9,0,0,0,0,4443
Bangladesh VsZimbabwe,Zimbabwe,Wessly Madhevere,6.0,0,27,0,4.5,19,3,0,0,0,4443
Bangladesh VsZimbabwe,Bangladesh,Hasan Mahmud,8.0,0,38,1,4.75,38,6,0,4,2,4443
Bangladesh VsZimbabwe,Bangladesh,Mehidy Hasan Miraz,2.0,0,16,1,8.0,7,2,1,0,0,4443
Bangladesh VsZimbabwe,Bangladesh,Ebadot Hossain,8.0,1,38,2,4.75,35,6,0,6,1,4443
Bangladesh VsZimbabwe,Bangladesh,Taijul Islam,9.0,0,34,2,3.77,36,3,1,0,0,4443
Bangladesh VsZimbabwe,Bangladesh,Mustafizur Rahman,5.2,0,17,4,3.18,23,2,0,0,0,4443
New Zealand VsWest Indies,West Indies,Jason Holder,8.0,1,39,2,4.87,30,3,2,0,0,4450
New Zealand VsWest Indies,West Indies,Akeal Hosein,10.0,0,28,3,2.8,40,2,0,0,0,4450
New Zealand VsWest Indies,West Indies,Alzarri Joseph,8.2,0,36,3,4.32,34,6,0,1,0,4450
New Zealand VsWest Indies,West Indies,Kevin Sinclair,10.0,0,37,1,3.7,35,3,0,0,0,4450
New Zealand VsWest Indies,West Indies,Yannic Cariah,9.0,0,49,1,5.44,30,8,0,0,0,4450
New Zealand VsWest Indies,New Zealand,Trent Boult,10.0,0,49,2,4.9,39,7,0,5,0,4450
New Zealand VsWest Indies,New Zealand,Tim Southee,10.0,0,39,2,3.9,34,2,1,1,0,4450
New Zealand VsWest Indies,New Zealand,Lockie Ferguson,8.0,0,55,0,6.87,23,5,1,3,0,4450
New Zealand VsWest Indies,New Zealand,Mitchell Santner,7.0,0,25,1,3.57,28,3,0,0,0,4450
New Zealand VsWest Indies,New Zealand,Michael Bracewell,4.0,0,21,0,5.25,13,2,0,1,0,4450
Zimbabwe VsIndia,India,Deepak Chahar,7.0,0,27,3,3.85,30,3,0,2,0,4451
Zimbabwe VsIndia,India,Mohammed Siraj,8.0,2,36,1,4.5,35,4,0,2,0,4451
Zimbabwe VsIndia,India,Kuldeep Yadav,10.0,1,36,0,3.6,34,0,1,0,0,4451
Zimbabwe VsIndia,India,Prasidh Krishna,8.0,0,50,3,6.25,27,8,0,1,0,4451
Zimbabwe VsIndia,India,Axar Patel,7.3,2,24,3,3.2,34,2,1,0,0,4451
Zimbabwe VsIndia,Zimbabwe,Richard Ngarava,7.0,0,40,0,5.71,28,6,0,2,0,4451
Zimbabwe VsIndia,Zimbabwe,Victor Nyauchi,4.0,0,17,0,4.25,18,0,0,6,0,4451
Zimbabwe VsIndia,Zimbabwe,Brad Evans,3.5,0,28,0,7.3,9,4,0,1,0,4451
Zimbabwe VsIndia,Zimbabwe,Sean Williams,5.0,0,28,0,5.6,13,2,0,1,0,4451
Zimbabwe VsIndia,Zimbabwe,Sikandar Raza,6.0,0,32,0,5.33,16,4,0,0,0,4451
Zimbabwe VsIndia,Zimbabwe,Luke Jongwe,2.0,0,11,0,5.5,5,0,0,4,0,4451
Zimbabwe VsIndia,Zimbabwe,Wessly Madhevere,2.0,0,16,0,8.0,5,1,1,0,0,4451
Zimbabwe VsIndia,Zimbabwe,Ryan Burl,1.0,0,12,0,12.0,1,2,0,0,0,4451
New Zealand VsWest Indies,West Indies,Kyle Mayers,4.0,0,21,0,5.25,14,2,0,1,0,4453
New Zealand VsWest Indies,West Indies,Jason Holder,9.0,2,24,3,2.66,40,2,0,1,0,4453
New Zealand VsWest Indies,West Indies,Alzarri Joseph,10.0,2,47,1,4.7,36,2,3,0,0,4453
New Zealand VsWest Indies,West Indies,Akeal Hosein,10.0,1,51,2,5.1,35,2,3,0,0,4453
New Zealand VsWest Indies,West Indies,Yannic Cariah,7.0,0,26,0,3.71,25,2,0,0,0,4453
New Zealand VsWest Indies,West Indies,Kevin Sinclair,8.2,0,41,4,4.92,23,3,0,0,0,4453
New Zealand VsWest Indies,New Zealand,Trent Boult,6.0,1,18,3,3.0,28,1,0,3,0,4453
New Zealand VsWest Indies,New Zealand,Tim Southee,7.0,1,22,4,3.14,31,2,0,3,0,4453
New Zealand VsWest Indies,New Zealand,James Neesham,5.0,0,31,0,6.2,13,2,1,1,0,4453
New Zealand VsWest Indies,New Zealand,Michael Bracewell,7.0,0,33,0,4.71,20,1,1,0,0,4453
New Zealand VsWest Indies,New Zealand,Mitchell Santner,7.3,0,21,1,2.8,27,0,0,0,0,4453
New Zealand VsWest Indies,New Zealand,Glenn Phillips,3.0,0,34,1,11.33,5,3,2,1,0,4453
Zimbabwe VsIndia,India,Mohammed Siraj,8.0,2,16,1,2.0,42,0,0,4,0,4454
Zimbabwe VsIndia,India,Prasidh Krishna,6.1,1,28,1,4.54,27,1,1,1,0,4454
Zimbabwe VsIndia,India,Shardul Thakur,7.0,0,38,3,5.42,27,5,0,3,0,4454
Zimbabwe VsIndia,India,Axar Patel,7.0,1,20,1,2.85,23,0,0,0,0,4454
Zimbabwe VsIndia,India,Kuldeep Yadav,8.0,0,49,1,6.12,22,5,1,1,0,4454
Zimbabwe VsIndia,India,Deepak Hooda,2.0,0,6,1,3.0,7,0,0,0,0,4454
Zimbabwe VsIndia,Zimbabwe,Tanaka Chivanga,7.0,0,38,1,5.42,26,3,0,7,1,4454
Zimbabwe VsIndia,Zimbabwe,Victor Nyauchi,4.0,0,32,1,8.0,12,5,0,1,0,4454
Zimbabwe VsIndia,Zimbabwe,Luke Jongwe,4.0,0,33,2,8.25,11,4,0,2,0,4454
Zimbabwe VsIndia,Zimbabwe,Brad Evans,4.0,0,21,0,5.25,16,3,0,3,0,4454
Zimbabwe VsIndia,Zimbabwe,Sikandar Raza,4.0,0,16,1,4.0,16,1,1,0,0,4454
Zimbabwe VsIndia,Zimbabwe,Sean Williams,1.0,0,13,0,13.0,3,0,2,0,0,4454
Zimbabwe VsIndia,Zimbabwe,Wessly Madhevere,1.0,0,7,0,7.0,3,1,0,1,0,4454
Zimbabwe VsIndia,Zimbabwe,Innocent Kaia,0.4,0,6,0,9.0,3,0,1,0,0,4454
West Indies VsNew Zealand,New Zealand,Trent Boult,10.0,1,53,3,5.3,35,3,2,5,0,4456
West Indies VsNew Zealand,New Zealand,Tim Southee,10.0,2,47,1,4.7,41,3,3,1,0,4456
West Indies VsNew Zealand,New Zealand,Michael Bracewell,6.0,0,43,0,7.16,20,2,4,0,0,4456
West Indies VsNew Zealand,New Zealand,Lockie Ferguson,10.0,0,80,1,8.0,29,6,6,1,0,4456
West Indies VsNew Zealand,New Zealand,Mitchell Santner,10.0,0,38,2,3.8,34,2,0,1,0,4456
West Indies VsNew Zealand,New Zealand,James Neesham,4.0,0,30,1,7.5,9,4,0,1,0,4456
West Indies VsNew Zealand,West Indies,Kyle Mayers,3.0,0,16,0,5.33,9,2,0,0,0,4456
West Indies VsNew Zealand,West Indies,Jason Holder,7.0,0,37,2,5.28,23,5,0,0,1,4456
West Indies VsNew Zealand,West Indies,Akeal Hosein,9.0,0,60,0,6.66,16,6,0,0,0,4456
West Indies VsNew Zealand,West Indies,Alzarri Joseph,9.0,0,61,1,6.77,22,4,2,1,2,4456
West Indies VsNew Zealand,West Indies,Kevin Sinclair,10.0,1,45,0,4.5,22,1,0,2,0,4456
West Indies VsNew Zealand,West Indies,Yannic Cariah,9.0,0,77,2,8.55,20,7,3,0,0,4456
West Indies VsNew Zealand,West Indies,Nicholas Pooran,0.1,0,6,0,36.0,0,0,1,0,0,4456
India VsZimbabwe,Zimbabwe,Richard Ngarava,9.0,0,58,0,6.44,25,8,0,3,0,4457
India VsZimbabwe,Zimbabwe,Victor Nyauchi,10.0,1,48,1,4.8,33,3,0,3,1,4457
India VsZimbabwe,Zimbabwe,Brad Evans,10.0,0,54,5,5.4,30,4,2,0,0,4457
India VsZimbabwe,Zimbabwe,Sikandar Raza,10.0,1,39,0,3.9,34,4,0,0,0,4457
India VsZimbabwe,Zimbabwe,Luke Jongwe,5.0,0,49,1,9.8,10,4,2,2,0,4457
India VsZimbabwe,Zimbabwe,Sean Williams,5.0,0,30,0,6.0,12,4,0,0,0,4457
India VsZimbabwe,Zimbabwe,Tony Munyonga,1.0,0,10,0,10.0,2,2,0,0,0,4457
India VsZimbabwe,India,Deepak Chahar,10.0,0,75,2,7.5,25,7,3,1,0,4457
India VsZimbabwe,India,Avesh Khan,9.3,1,66,3,6.94,29,7,2,1,2,4457
India VsZimbabwe,India,Shardul Thakur,9.0,0,55,1,6.11,26,5,0,2,2,4457
India VsZimbabwe,India,Kuldeep Yadav,10.0,0,38,2,3.8,33,1,0,2,0,4457
India VsZimbabwe,India,Deepak Hooda,1.0,0,9,0,9.0,3,2,0,0,0,4457
India VsZimbabwe,India,Axar Patel,10.0,1,30,2,3.0,39,2,0,1,0,4457
Zimbabwe VsAustralia,Australia,Mitchell Starc,8.3,1,27,1,3.17,31,1,0,0,0,4458
Zimbabwe VsAustralia,Australia,Josh Hazlewood,10.0,1,36,0,3.6,39,4,0,0,0,4458
Zimbabwe VsAustralia,Australia,Mitchell Marsh,6.0,0,22,1,3.66,23,1,0,1,0,4458
Zimbabwe VsAustralia,Australia,Cameron Green,9.0,0,33,5,3.66,35,3,0,0,1,4458
Zimbabwe VsAustralia,Australia,Adam Zampa,10.0,0,57,3,5.7,26,4,0,3,0,4458
Zimbabwe VsAustralia,Australia,Glenn Maxwell,4.0,0,19,0,4.75,9,1,0,0,0,4458
Zimbabwe VsAustralia,Zimbabwe,Wessly Madhevere,1.0,0,9,0,9.0,1,1,0,0,0,4458
Zimbabwe VsAustralia,Zimbabwe,Victor Nyauchi,5.0,0,20,0,4.0,19,2,0,0,0,4458
Zimbabwe VsAustralia,Zimbabwe,Richard Ngarava,5.3,0,26,1,4.72,24,2,2,1,0,4458
Zimbabwe VsAustralia,Zimbabwe,Brad Evans,6.0,0,33,0,5.5,23,5,0,2,0,4458
Zimbabwe VsAustralia,Zimbabwe,Sikandar Raza,8.0,0,45,1,5.62,29,4,1,3,0,4458
Zimbabwe VsAustralia,Zimbabwe,Ryan Burl,7.0,0,60,3,8.57,20,8,2,1,0,4458
Zimbabwe VsAustralia,Zimbabwe,Luke Jongwe,1.0,0,3,0,3.0,5,0,0,2,0,4458
Zimbabwe VsAustralia,Australia,Mitchell Starc,8.0,1,24,3,3.0,37,2,0,6,0,4459
Zimbabwe VsAustralia,Australia,Josh Hazlewood,6.0,2,16,1,2.66,30,1,1,0,0,4459
Zimbabwe VsAustralia,Australia,Marcus Stoinis,4.0,0,9,0,2.25,19,1,0,0,0,4459
Zimbabwe VsAustralia,Australia,Ashton Agar,3.0,0,15,1,5.0,9,2,0,0,0,4459
Zimbabwe VsAustralia,Australia,Adam Zampa,3.5,0,21,3,5.47,9,2,0,0,0,4459
Zimbabwe VsAustralia,Australia,Cameron Green,3.0,0,7,2,2.33,14,1,0,0,0,4459
Zimbabwe VsAustralia,Zimbabwe,Richard Ngarava,4.0,0,16,2,4.0,16,0,1,3,0,4459
Zimbabwe VsAustralia,Zimbabwe,Brad Evans,4.0,0,29,0,7.25,14,6,0,0,0,4459
Zimbabwe VsAustralia,Zimbabwe,Sikandar Raza,2.0,0,23,0,11.5,6,5,0,0,0,4459
Zimbabwe VsAustralia,Zimbabwe,Luke Jongwe,3.0,0,13,0,4.33,11,1,0,2,0,4459
Zimbabwe VsAustralia,Zimbabwe,Sean Williams,1.4,0,14,0,8.4,3,0,0,1,1,4459
Australia VsZimbabwe,Zimbabwe,Richard Ngarava,6.0,1,27,1,4.5,27,6,0,0,0,4460
Australia VsZimbabwe,Zimbabwe,Victor Nyauchi,6.0,3,15,1,2.5,31,3,0,0,0,4460
Australia VsZimbabwe,Zimbabwe,Brad Evans,6.0,1,35,2,5.83,22,5,1,0,0,4460
Australia VsZimbabwe,Zimbabwe,Sean Williams,6.0,0,36,1,6.0,16,3,1,0,0,4460
Australia VsZimbabwe,Zimbabwe,Sikandar Raza,4.0,0,15,0,3.75,15,2,0,0,0,4460
Australia VsZimbabwe,Zimbabwe,Ryan Burl,3.0,0,10,5,3.33,15,0,0,2,0,4460
Australia VsZimbabwe,Australia,Mitchell Starc,8.0,0,33,1,4.12,33,4,0,2,0,4460
Australia VsZimbabwe,Australia,Josh Hazlewood,10.0,2,30,3,3.0,46,5,0,0,0,4460
Australia VsZimbabwe,Australia,Cameron Green,6.0,0,17,1,2.83,26,2,0,0,0,4460
Australia VsZimbabwe,Australia,Marcus Stoinis,2.0,0,6,1,3.0,6,0,0,0,0,4460
Australia VsZimbabwe,Australia,Adam Zampa,8.0,0,32,0,4.0,31,2,1,0,1,4460
Australia VsZimbabwe,Australia,Ashton Agar,5.0,0,16,1,3.2,17,0,0,0,0,4460
New Zealand VsAustralia,Australia,Mitchell Starc,9.0,2,43,1,4.77,35,4,1,3,0,4461
New Zealand VsAustralia,Australia,Josh Hazlewood,10.0,1,31,3,3.1,36,1,0,2,0,4461
New Zealand VsAustralia,Australia,Adam Zampa,10.0,0,38,1,3.8,33,3,0,0,0,4461
New Zealand VsAustralia,Australia,Glenn Maxwell,10.0,0,52,4,5.2,30,4,1,0,0,4461
New Zealand VsAustralia,Australia,Cameron Green,5.0,0,33,0,6.6,13,2,2,0,0,4461
New Zealand VsAustralia,Australia,Marcus Stoinis,6.0,0,25,0,4.16,17,1,0,0,0,4461
New Zealand VsAustralia,New Zealand,Trent Boult,10.0,2,40,4,4.0,39,4,0,0,0,4461
New Zealand VsAustralia,New Zealand,Matt Henry,10.0,0,50,2,5.0,34,4,1,1,0,4461
New Zealand VsAustralia,New Zealand,Mitchell Santner,10.0,0,47,0,4.7,32,4,1,1,0,4461
New Zealand VsAustralia,New Zealand,Michael Bracewell,3.0,0,16,0,5.33,10,1,1,0,0,4461
New Zealand VsAustralia,New Zealand,Lockie Ferguson,9.0,0,60,2,6.66,23,7,0,4,0,4461
New Zealand VsAustralia,New Zealand,James Neesham,3.0,0,14,0,4.66,9,1,0,0,0,4461
Australia VsNew Zealand,New Zealand,Trent Boult,10.0,2,38,4,3.8,41,4,0,1,0,4462
Australia VsNew Zealand,New Zealand,Matt Henry,10.0,0,33,3,3.3,41,3,0,0,0,4462
Australia VsNew Zealand,New Zealand,Tim Southee,10.0,0,39,1,3.9,40,3,1,0,0,4462
Australia VsNew Zealand,New Zealand,James Neesham,10.0,0,41,0,4.1,38,3,1,1,0,4462
Australia VsNew Zealand,New Zealand,Mitchell Santner,7.0,1,22,1,3.14,27,0,1,0,0,4462
Australia VsNew Zealand,New Zealand,Michael Bracewell,3.0,0,21,0,7.0,6,0,1,0,0,4462
Australia VsNew Zealand,Australia,Mitchell Starc,7.0,0,12,2,1.71,33,0,0,1,0,4462
Australia VsNew Zealand,Australia,Josh Hazlewood,6.0,2,11,0,1.83,31,1,0,0,0,4462
Australia VsNew Zealand,Australia,Sean Abbott,5.0,4,1,2,0.2,29,0,0,0,0,4462
Australia VsNew Zealand,Australia,Adam Zampa,9.0,0,35,5,3.88,34,4,0,1,0,4462
Australia VsNew Zealand,Australia,Marcus Stoinis,3.0,0,14,1,4.66,10,1,0,0,0,4462
Australia VsNew Zealand,Australia,Glenn Maxwell,3.0,0,9,0,3.0,9,0,0,0,0,4462
Australia VsNew Zealand,New Zealand,Trent Boult,10.0,4,25,2,2.5,45,1,0,1,0,4464
Australia VsNew Zealand,New Zealand,Tim Southee,10.0,1,57,1,5.7,30,5,1,2,0,4464
Australia VsNew Zealand,New Zealand,Lockie Ferguson,10.0,0,56,1,5.6,30,6,0,3,0,4464
Australia VsNew Zealand,New Zealand,Mitchell Santner,10.0,0,52,1,5.2,25,1,1,1,0,4464
Australia VsNew Zealand,New Zealand,James Neesham,8.0,0,65,0,8.12,16,6,2,0,1,4464
Australia VsNew Zealand,New Zealand,Daryl Mitchell,2.0,0,7,0,3.5,5,0,0,0,0,4464
Australia VsNew Zealand,Australia,Mitchell Starc,9.5,0,60,3,6.1,32,6,2,0,0,4464
Australia VsNew Zealand,Australia,Josh Hazlewood,10.0,0,51,1,5.1,35,7,0,0,0,4464
Australia VsNew Zealand,Australia,Cameron Green,6.0,0,25,2,4.16,21,3,0,0,0,4464
Australia VsNew Zealand,Australia,Sean Abbott,10.0,3,31,2,3.1,41,2,0,3,0,4464
Australia VsNew Zealand,Australia,Adam Zampa,10.0,0,53,1,5.3,31,4,2,1,0,4464
Australia VsNew Zealand,Australia,Glenn Maxwell,4.0,0,18,0,4.5,9,1,0,0,0,4464
South Africa VsIndia,India,Mohammed Siraj,8.0,0,49,0,6.12,26,5,1,3,0,4470
South Africa VsIndia,India,Avesh Khan,8.0,0,51,0,6.37,28,4,2,2,0,4470
South Africa VsIndia,India,Shardul Thakur,8.0,1,35,2,4.37,26,3,0,2,0,4470
South Africa VsIndia,India,Ravi Bishnoi,8.0,0,69,1,8.62,21,7,1,4,1,4470
South Africa VsIndia,India,Kuldeep Yadav,8.0,0,39,1,4.87,24,2,1,0,0,4470
South Africa VsIndia,South Africa,Kagiso Rabada,8.0,2,36,2,4.5,30,4,0,0,2,4470
South Africa VsIndia,South Africa,Wayne Parnell,8.0,1,38,1,4.75,31,5,0,2,0,4470
South Africa VsIndia,South Africa,Keshav Maharaj,8.0,1,23,1,2.87,30,1,0,2,0,4470
South Africa VsIndia,South Africa,Lungi Ngidi,8.0,0,52,3,6.5,25,6,1,2,0,4470
South Africa VsIndia,South Africa,Tabraiz Shamsi,8.0,0,89,1,11.12,14,11,2,6,0,4470
South Africa VsIndia,India,Mohammed Siraj,10.0,1,38,3,3.8,39,5,0,2,0,4471
South Africa VsIndia,India,Washington Sundar,9.0,0,60,1,6.66,20,6,1,0,0,4471
South Africa VsIndia,India,Shahbaz Ahmed,10.0,0,54,1,5.4,25,4,1,0,0,4471
South Africa VsIndia,India,Avesh Khan,7.0,0,35,0,5.0,24,5,0,1,0,4471
South Africa VsIndia,India,Kuldeep Yadav,9.0,0,49,1,5.44,24,2,2,0,0,4471
South Africa VsIndia,India,Shardul Thakur,5.0,0,36,1,7.2,11,5,0,0,0,4471
South Africa VsIndia,South Africa,Bjorn Fortuin,9.0,1,52,1,5.77,23,3,2,0,0,4471
South Africa VsIndia,South Africa,Wayne Parnell,8.0,0,44,1,5.5,28,7,0,1,0,4471
South Africa VsIndia,South Africa,Kagiso Rabada,10.0,1,59,1,5.9,31,6,1,0,2,4471
South Africa VsIndia,South Africa,Anrich Nortje,8.5,0,60,0,6.79,24,5,3,0,0,4471
South Africa VsIndia,South Africa,Keshav Maharaj,7.0,0,45,0,6.42,16,1,3,0,0,4471
South Africa VsIndia,South Africa,Aiden Markram,3.0,0,22,0,7.33,7,3,0,1,0,4471
South Africa VsIndia,India,Washington Sundar,4.0,0,15,2,3.75,17,2,0,2,0,4472
South Africa VsIndia,India,Mohammed Siraj,5.0,0,17,2,3.4,23,3,0,0,0,4472
South Africa VsIndia,India,Avesh Khan,5.0,1,8,0,1.6,24,0,0,2,0,4472
South Africa VsIndia,India,Shahbaz Ahmed,7.0,0,32,2,4.57,23,4,0,0,0,4472
South Africa VsIndia,India,Shardul Thakur,2.0,0,8,0,4.0,7,1,0,0,0,4472
South Africa VsIndia,India,Kuldeep Yadav,4.1,1,18,4,4.32,15,1,1,0,0,4472
South Africa VsIndia,South Africa,Marco Jansen,5.1,0,43,0,8.32,16,6,1,1,1,4472
South Africa VsIndia,South Africa,Lungi Ngidi,5.0,0,21,1,4.2,21,3,0,0,0,4472
South Africa VsIndia,South Africa,Anrich Nortje,5.0,1,15,0,3.0,24,1,1,0,0,4472
South Africa VsIndia,South Africa,Bjorn Fortuin,4.0,1,20,1,5.0,16,4,0,0,0,4472
England VsAustralia,Australia,Mitchell Starc,10.0,0,45,1,4.5,34,3,0,3,0,4475
England VsAustralia,Australia,Pat Cummins,10.0,0,62,3,6.2,32,6,2,4,0,4475
England VsAustralia,Australia,Cameron Green,7.0,0,38,0,5.42,23,3,0,1,1,4475
England VsAustralia,Australia,Ashton Agar,10.0,0,62,0,6.2,27,5,1,0,0,4475
England VsAustralia,Australia,Marcus Stoinis,3.0,0,23,1,7.66,7,3,0,0,1,4475
England VsAustralia,Australia,Adam Zampa,10.0,0,55,3,5.5,26,3,1,1,0,4475
England VsAustralia,England,David Willey,8.0,0,51,2,6.37,24,6,1,2,0,4475
England VsAustralia,England,Olly Stone,10.0,1,50,0,5.0,37,6,1,0,0,4475
England VsAustralia,England,Luke Wood,10.0,0,59,0,5.9,29,8,0,1,0,4475
England VsAustralia,England,Chris Jordan,7.0,0,49,1,7.0,17,6,0,2,0,4475
England VsAustralia,England,Liam Dawson,10.0,0,65,1,6.5,25,8,0,1,0,4475
England VsAustralia,England,Dawid Malan,1.5,0,12,0,6.54,7,1,1,0,0,4475
Australia VsEngland,England,Chris Woakes,10.0,0,42,2,4.2,35,3,1,0,0,4477
Australia VsEngland,England,David Willey,9.0,0,44,2,4.88,28,3,1,0,0,4477
Australia VsEngland,England,Moeen Ali,4.0,0,24,1,6.0,10,1,1,0,0,4477
Australia VsEngland,England,Adil Rashid,10.0,0,57,3,5.7,24,5,0,0,1,4477
Australia VsEngland,England,Liam Dawson,10.0,0,48,0,4.8,26,3,0,0,0,4477
Australia VsEngland,England,Sam Curran,7.0,0,55,0,7.85,13,1,3,1,0,4477
Australia VsEngland,Australia,Mitchell Starc,8.0,1,47,4,5.87,25,4,1,2,0,4477
Australia VsEngland,Australia,Josh Hazlewood,7.0,1,33,2,4.71,25,3,1,0,0,4477
Australia VsEngland,Australia,Ashton Agar,7.0,0,41,0,5.85,18,0,3,0,0,4477
Australia VsEngland,Australia,Marcus Stoinis,5.0,0,29,0,5.8,12,1,1,1,0,4477
Australia VsEngland,Australia,Adam Zampa,9.5,1,45,4,4.57,35,2,1,1,1,4477
Australia VsEngland,Australia,Mitchell Marsh,2.0,0,12,0,6.0,6,2,0,0,0,4477
Australia VsEngland,England,Chris Woakes,10.0,0,62,0,6.2,24,6,0,0,0,4480
Australia VsEngland,England,David Willey,9.0,0,63,0,7.0,26,5,2,6,0,4480
Australia VsEngland,England,Olly Stone,10.0,0,85,4,8.5,24,10,2,1,0,4480
Australia VsEngland,England,Sam Curran,9.0,1,66,0,7.33,20,6,1,2,1,4480
Australia VsEngland,England,Liam Dawson,10.0,0,75,1,7.5,16,2,3,0,0,4480
Australia VsEngland,Australia,Josh Hazlewood,7.0,0,21,1,3.0,29,2,0,2,0,4480
Australia VsEngland,Australia,Pat Cummins,6.0,2,25,2,4.16,30,3,0,4,0,4480
Australia VsEngland,Australia,Sean Abbott,8.0,0,45,2,5.62,26,6,0,1,0,4480
Australia VsEngland,Australia,Mitchell Marsh,5.0,0,18,1,3.6,18,1,0,0,0,4480
Australia VsEngland,Australia,Adam Zampa,5.4,1,31,4,5.47,18,3,1,0,0,4480
India VsNew Zealand,New Zealand,Tim Southee,10.0,0,73,3,7.3,27,9,2,0,0,4483
India VsNew Zealand,New Zealand,Matt Henry,10.0,1,48,0,4.8,39,3,3,2,0,4483
India VsNew Zealand,New Zealand,Lockie Ferguson,10.0,1,59,3,5.9,32,7,1,2,0,4483
India VsNew Zealand,New Zealand,Mitchell Santner,10.0,0,56,0,5.6,25,2,2,1,0,4483
India VsNew Zealand,New Zealand,Adam Milne,10.0,0,67,1,6.7,31,7,2,3,0,4483
India VsNew Zealand,India,Arshdeep Singh,8.1,0,68,0,8.32,22,6,3,1,1,4483
India VsNew Zealand,India,Shardul Thakur,9.0,1,63,1,7.0,31,10,1,3,0,4483
India VsNew Zealand,India,Washington Sundar,10.0,0,42,0,4.2,31,2,1,1,0,4483
India VsNew Zealand,India,Umran Malik,10.0,0,66,2,6.6,30,6,2,1,1,4483
India VsNew Zealand,India,Yuzvendra Chahal,10.0,0,67,0,6.7,25,7,1,2,0,4483
Afghanistan VsSri Lanka,Sri Lanka,Kasun Rajitha,10.0,0,56,1,5.6,30,5,1,3,0,4485
Afghanistan VsSri Lanka,Sri Lanka,Dhananjaya Lakshan,6.0,0,43,1,7.16,11,3,1,2,0,4485
Afghanistan VsSri Lanka,Sri Lanka,Lahiru Kumara,8.0,0,54,1,6.75,21,8,0,0,0,4485
Afghanistan VsSri Lanka,Sri Lanka,Dasun Shanaka,3.0,0,19,0,6.33,9,3,0,0,0,4485
Afghanistan VsSri Lanka,Sri Lanka,Wanindu Hasaranga de Silva,10.0,0,42,2,4.2,31,3,0,1,0,4485
Afghanistan VsSri Lanka,Sri Lanka,Maheesh Theekshana,10.0,0,62,1,6.2,23,7,0,0,0,4485
Afghanistan VsSri Lanka,Sri Lanka,Dhananjaya de Silva,3.0,0,14,0,4.66,5,0,0,0,0,4485
Afghanistan VsSri Lanka,Afghanistan,Fazalhaq Farooqi,9.0,0,49,4,5.44,33,8,0,1,0,4485
Afghanistan VsSri Lanka,Afghanistan,Yamin Ahmadzai,6.0,0,46,2,7.66,19,9,0,1,0,4485
Afghanistan VsSri Lanka,Afghanistan,Mujeeb Ur Rahman,5.0,0,33,0,6.6,11,3,0,5,0,4485
Afghanistan VsSri Lanka,Afghanistan,Gulbadin Naib,8.0,0,34,3,4.25,26,3,0,1,0,4485
Afghanistan VsSri Lanka,Afghanistan,Rashid Khan,8.0,0,40,1,5.0,22,2,1,0,0,4485
Afghanistan VsSri Lanka,Afghanistan,Mohammad Nabi,2.0,0,27,0,13.5,5,5,1,0,0,4485
Afghanistan VsSri Lanka,Sri Lanka,Kasun Rajitha,10.0,0,60,3,6.0,29,8,0,2,0,4490
Afghanistan VsSri Lanka,Sri Lanka,Maheesh Theekshana,7.0,0,46,0,6.57,14,3,1,0,0,4490
Afghanistan VsSri Lanka,Sri Lanka,Dunith Wellalage,4.0,0,25,0,6.25,10,3,0,0,0,4490
Afghanistan VsSri Lanka,Sri Lanka,Asitha Fernando,10.0,1,64,1,6.4,31,7,1,0,0,4490
Afghanistan VsSri Lanka,Sri Lanka,Dhananjaya de Silva,8.0,0,42,1,5.25,19,2,0,1,0,4490
Afghanistan VsSri Lanka,Sri Lanka,Wanindu Hasaranga de Silva,10.0,0,67,2,6.7,29,7,3,0,0,4490
Afghanistan VsSri Lanka,Sri Lanka,Dasun Shanaka,1.0,0,5,0,5.0,4,1,0,0,0,4490
Afghanistan VsSri Lanka,Afghanistan,Fazalhaq Farooqi,9.4,0,70,0,7.24,31,10,2,1,0,4490
Afghanistan VsSri Lanka,Afghanistan,Mujeeb Ur Rahman,10.0,0,70,0,7.0,25,5,3,0,0,4490
Afghanistan VsSri Lanka,Afghanistan,Gulbadin Naib,6.0,0,48,0,8.0,12,4,1,2,0,4490
Afghanistan VsSri Lanka,Afghanistan,Mohammad Nabi,10.0,0,56,2,5.6,32,4,1,5,0,4490
Afghanistan VsSri Lanka,Afghanistan,Rashid Khan,10.0,0,37,4,3.7,32,2,0,2,0,4490
Afghanistan VsSri Lanka,Afghanistan,Noor Ahmad,4.0,0,32,0,8.0,7,3,0,2,1,4490
India VsBangladesh,Bangladesh,Mustafizur Rahman,7.0,1,19,0,2.71,29,2,0,0,0,4493
India VsBangladesh,Bangladesh,Hasan Mahmud,7.0,1,40,0,5.71,29,3,2,2,0,4493
India VsBangladesh,Bangladesh,Mehidy Hasan Miraz,9.0,1,43,1,4.77,30,3,1,1,0,4493
India VsBangladesh,Bangladesh,Shakib Al Hasan,10.0,2,36,5,3.6,37,2,1,0,0,4493
India VsBangladesh,Bangladesh,Ebadot Hossain,8.2,0,47,4,5.64,28,4,1,1,1,4493
India VsBangladesh,India,Deepak Chahar,8.0,1,32,1,4.0,35,5,0,0,2,4493
India VsBangladesh,India,Mohammed Siraj,10.0,1,32,3,3.2,46,4,0,2,0,4493
India VsBangladesh,India,Kuldeep Sen,5.0,0,37,2,7.4,16,1,3,3,0,4493
India VsBangladesh,India,Shahbaz Ahmed,9.0,0,39,0,4.33,27,3,0,0,0,4493
India VsBangladesh,India,Washington Sundar,5.0,0,17,2,3.4,17,0,0,0,0,4493
India VsBangladesh,India,Shardul Thakur,9.0,1,21,1,2.33,39,1,0,1,0,4493
Bangladesh VsIndia,India,Deepak Chahar,3.0,0,12,0,4.0,12,1,0,0,0,4496
Bangladesh VsIndia,India,Mohammed Siraj,10.0,0,73,2,7.3,35,10,1,4,1,4496
Bangladesh VsIndia,India,Shardul Thakur,10.0,1,47,0,4.7,35,2,2,2,0,4496
Bangladesh VsIndia,India,Umran Malik,10.0,2,58,2,5.8,35,9,0,1,1,4496
Bangladesh VsIndia,India,Washington Sundar,10.0,0,37,3,3.7,36,2,1,0,0,4496
Bangladesh VsIndia,India,Axar Patel,7.0,0,40,0,5.71,17,2,1,0,0,4496
Bangladesh VsIndia,Bangladesh,Mehidy Hasan Miraz,6.1,0,46,2,7.45,16,4,2,0,2,4496
Bangladesh VsIndia,Bangladesh,Ebadot Hossain,10.0,0,45,3,4.5,36,2,2,3,0,4496
Bangladesh VsIndia,Bangladesh,Mustafizur Rahman,10.0,1,43,1,4.3,42,4,2,1,0,4496
Bangladesh VsIndia,Bangladesh,Nasum Ahmed,10.0,0,54,0,5.4,32,2,3,3,0,4496
Bangladesh VsIndia,Bangladesh,Shakib Al Hasan,10.0,1,39,2,3.9,34,0,1,1,0,4496
Bangladesh VsIndia,Bangladesh,Mahmudullah,3.5,0,33,1,8.6,12,2,2,1,0,4496
India VsBangladesh,Bangladesh,Mustafizur Rahman,10.0,0,66,1,6.6,20,6,1,1,0,4499
India VsBangladesh,Bangladesh,Taskin Ahmed,9.0,1,89,2,9.88,21,10,4,2,0,4499
India VsBangladesh,Bangladesh,Mehidy Hasan Miraz,10.0,0,76,1,7.6,24,9,2,0,0,4499
India VsBangladesh,Bangladesh,Ebadot Hossain,9.0,0,80,2,8.88,22,8,4,0,0,4499
India VsBangladesh,Bangladesh,Shakib Al Hasan,10.0,0,68,2,6.8,22,4,3,1,0,4499
India VsBangladesh,Bangladesh,Afif Hossain,1.0,0,14,0,14.0,0,2,0,0,0,4499
India VsBangladesh,Bangladesh,Mahmudullah,1.0,0,11,0,11.0,1,2,0,0,0,4499
India VsBangladesh,India,Mohammed Siraj,5.0,0,27,1,5.4,16,2,1,0,0,4499
India VsBangladesh,India,Shardul Thakur,5.0,0,30,3,6.0,22,3,2,2,0,4499
India VsBangladesh,India,Axar Patel,5.0,0,22,2,4.4,15,2,0,0,0,4499
India VsBangladesh,India,Umran Malik,8.0,0,43,2,5.37,24,5,0,0,1,4499
India VsBangladesh,India,Kuldeep Yadav,10.0,1,53,1,5.3,31,2,3,1,0,4499
India VsBangladesh,India,Washington Sundar,1.0,0,2,1,2.0,4,0,0,0,0,4499
New Zealand VsPakistan,Pakistan,Naseem Shah,10.0,0,57,5,5.7,32,6,1,1,0,4500
New Zealand VsPakistan,Pakistan,Haris Rauf,8.0,1,54,0,6.75,25,7,1,0,0,4500
New Zealand VsPakistan,Pakistan,Mohammad Wasim,8.0,0,43,1,5.37,24,4,0,0,0,4500
New Zealand VsPakistan,Pakistan,Usama Mir,10.0,0,42,2,4.2,31,3,0,1,0,4500
New Zealand VsPakistan,Pakistan,Mohammad Nawaz,10.0,0,38,1,3.8,26,1,0,0,0,4500
New Zealand VsPakistan,Pakistan,Agha Salman,4.0,0,18,0,4.5,9,1,0,0,0,4500
New Zealand VsPakistan,New Zealand,Tim Southee,8.1,0,55,1,6.73,23,3,3,0,0,4500
New Zealand VsPakistan,New Zealand,Henry Shipley,6.0,1,28,0,4.66,18,3,0,0,0,4500
New Zealand VsPakistan,New Zealand,Michael Bracewell,10.0,0,44,2,4.4,32,4,0,0,0,4500
New Zealand VsPakistan,New Zealand,Lockie Ferguson,8.0,0,51,0,6.37,22,5,1,0,0,4500
New Zealand VsPakistan,New Zealand,Mitchell Santner,10.0,0,43,0,4.3,35,4,1,0,0,4500
New Zealand VsPakistan,New Zealand,Glenn Phillips,6.0,0,35,1,5.83,13,3,0,1,0,4500
India VsSri Lanka,Sri Lanka,Kasun Rajitha,10.0,0,88,3,8.8,23,11,2,2,0,4501
India VsSri Lanka,Sri Lanka,Dilshan Madushanka,6.0,0,43,1,7.16,22,8,0,0,0,4501
India VsSri Lanka,Sri Lanka,Wanindu Hasaranga de Silva,10.0,0,67,0,6.7,25,6,2,0,0,4501
India VsSri Lanka,Sri Lanka,Chamika Karunaratne,8.0,0,54,1,6.75,16,5,0,0,0,4501
India VsSri Lanka,Sri Lanka,Dunith Wellalage,8.0,0,65,0,8.12,14,7,1,1,0,4501
India VsSri Lanka,Sri Lanka,Dasun Shanaka,3.0,0,22,1,7.33,4,2,0,1,0,4501
India VsSri Lanka,Sri Lanka,Dhananjaya de Silva,5.0,0,33,1,6.6,9,0,2,1,0,4501
India VsSri Lanka,India,Mohammed Shami,9.0,0,67,1,7.44,29,9,1,2,0,4501
India VsSri Lanka,India,Mohammed Siraj,7.0,1,30,2,4.28,29,3,1,0,0,4501
India VsSri Lanka,India,Hardik Pandya,6.0,0,33,1,5.5,18,4,0,2,0,4501
India VsSri Lanka,India,Umran Malik,8.0,0,57,3,7.12,27,10,0,4,0,4501
India VsSri Lanka,India,Yuzvendra Chahal,10.0,0,58,1,5.8,33,6,2,0,0,4501
India VsSri Lanka,India,Axar Patel,10.0,0,58,0,5.8,32,7,1,0,0,4501
New Zealand VsPakistan,Pakistan,Naseem Shah,8.5,0,58,3,6.56,29,8,1,2,0,4502
New Zealand VsPakistan,Pakistan,Haris Rauf,10.0,0,47,1,4.7,33,4,0,3,0,4502
New Zealand VsPakistan,Pakistan,Mohammad Wasim,7.0,0,46,0,6.57,19,4,1,3,0,4502
New Zealand VsPakistan,Pakistan,Mohammad Nawaz,10.0,0,38,4,3.8,32,3,0,0,0,4502
New Zealand VsPakistan,Pakistan,Usama Mir,10.0,0,42,1,4.2,34,4,0,1,0,4502
New Zealand VsPakistan,Pakistan,Agha Salman,4.0,0,28,0,7.0,5,2,0,1,0,4502
New Zealand VsPakistan,New Zealand,Tim Southee,6.0,1,33,2,5.5,22,4,1,1,0,4502
New Zealand VsPakistan,New Zealand,Lockie Ferguson,7.0,0,31,1,4.42,28,5,0,2,0,4502
New Zealand VsPakistan,New Zealand,Mitchell Santner,10.0,0,34,1,3.4,35,2,0,1,0,4502
New Zealand VsPakistan,New Zealand,Michael Bracewell,10.0,0,29,1,2.9,36,1,0,0,0,4502
New Zealand VsPakistan,New Zealand,Ish Sodhi,8.0,0,38,2,4.75,26,2,1,1,0,4502
New Zealand VsPakistan,New Zealand,Glenn Phillips,2.0,0,13,1,6.5,5,1,0,0,0,4502
Sri Lanka VsIndia,India,Mohammed Shami,7.0,0,43,0,6.14,23,7,0,1,0,4503
Sri Lanka VsIndia,India,Mohammed Siraj,5.4,0,30,3,5.29,24,4,1,2,0,4503
Sri Lanka VsIndia,India,Hardik Pandya,5.0,0,26,0,5.2,14,2,0,2,0,4503
Sri Lanka VsIndia,India,Umran Malik,7.0,0,48,2,6.85,21,6,1,0,1,4503
Sri Lanka VsIndia,India,Kuldeep Yadav,10.0,0,51,3,5.1,33,6,1,0,0,4503
Sri Lanka VsIndia,India,Axar Patel,5.0,0,16,1,3.2,18,1,0,0,0,4503
Sri Lanka VsIndia,Sri Lanka,Kasun Rajitha,9.0,0,46,1,5.11,38,8,0,4,1,4503
Sri Lanka VsIndia,Sri Lanka,Lahiru Kumara,9.2,0,64,2,6.85,33,11,1,3,0,4503
Sri Lanka VsIndia,Sri Lanka,Chamika Karunaratne,8.0,0,51,2,6.37,25,5,1,4,1,4503
Sri Lanka VsIndia,Sri Lanka,Wanindu Hasaranga de Silva,10.0,0,28,0,2.8,36,1,0,0,0,4503
Sri Lanka VsIndia,Sri Lanka,Dunith Wellalage,2.0,0,12,0,6.0,2,0,0,0,0,4503
Sri Lanka VsIndia,Sri Lanka,Dasun Shanaka,2.0,0,6,0,3.0,8,0,0,2,0,4503
Sri Lanka VsIndia,Sri Lanka,Dhananjaya de Silva,3.0,0,9,1,3.0,12,1,0,0,0,4503
Pakistan VsNew Zealand,New Zealand,Tim Southee,10.0,0,56,3,5.6,35,6,2,1,0,4504
Pakistan VsNew Zealand,New Zealand,Lockie Ferguson,10.0,0,63,2,6.3,29,7,0,1,0,4504
Pakistan VsNew Zealand,New Zealand,Mitchell Santner,10.0,0,64,0,6.4,27,6,2,0,0,4504
Pakistan VsNew Zealand,New Zealand,Michael Bracewell,10.0,0,44,1,4.4,28,3,0,0,0,4504
Pakistan VsNew Zealand,New Zealand,Ish Sodhi,10.0,0,50,1,5.0,15,1,0,0,0,4504
Pakistan VsNew Zealand,Pakistan,Mohammad Hasnain,6.1,0,42,0,6.81,23,7,0,4,1,4504
Pakistan VsNew Zealand,Pakistan,Haris Rauf,7.0,0,41,0,5.85,20,2,2,0,0,4504
Pakistan VsNew Zealand,Pakistan,Mohammad Nawaz,10.0,0,53,1,5.3,31,2,2,1,0,4504
Pakistan VsNew Zealand,Pakistan,Mohammad Wasim,5.0,0,35,2,7.0,14,3,1,1,0,4504
Pakistan VsNew Zealand,Pakistan,Agha Salman,10.0,0,42,2,4.2,30,0,1,0,0,4504
Pakistan VsNew Zealand,Pakistan,Usama Mir,10.0,0,61,1,6.1,23,4,1,0,1,4504
India VsSri Lanka,Sri Lanka,Kasun Rajitha,10.0,1,81,2,8.1,27,6,5,3,0,4505
India VsSri Lanka,Sri Lanka,Lahiru Kumara,10.0,1,87,2,8.7,21,8,4,1,0,4505
India VsSri Lanka,Sri Lanka,Wanindu Hasaranga de Silva,10.0,0,54,0,5.4,23,2,1,0,0,4505
India VsSri Lanka,Sri Lanka,Jeffrey Vandersay,7.0,0,59,0,8.42,7,6,1,0,0,4505
India VsSri Lanka,Sri Lanka,Chamika Karunaratne,8.0,0,58,1,7.25,20,6,2,0,0,4505
India VsSri Lanka,Sri Lanka,Dasun Shanaka,3.0,0,19,0,6.33,7,2,0,1,0,4505
India VsSri Lanka,Sri Lanka,Nuwanidu Fernando,2.0,0,22,0,11.0,1,2,1,0,0,4505
India VsSri Lanka,India,Mohammed Shami,6.0,2,20,2,3.33,31,3,0,2,0,4505
India VsSri Lanka,India,Mohammed Siraj,10.0,1,32,4,3.2,46,5,0,1,0,4505
India VsSri Lanka,India,Kuldeep Yadav,5.0,1,16,2,3.2,23,3,0,0,0,4505
India VsSri Lanka,India,Shreyas Iyer,1.0,0,2,0,2.0,4,0,0,0,0,4505
Ireland VsZimbabwe,Zimbabwe,Richard Ngarava,10.0,0,40,1,4.0,35,4,0,1,0,4506
Ireland VsZimbabwe,Zimbabwe,Victor Nyauchi,10.0,0,65,2,6.5,31,7,1,3,0,4506
Ireland VsZimbabwe,Zimbabwe,Brad Evans,9.0,3,48,0,5.33,36,6,2,1,1,4506
Ireland VsZimbabwe,Zimbabwe,Ryan Burl,7.0,0,40,0,5.71,18,4,0,0,0,4506
Ireland VsZimbabwe,Zimbabwe,Sikandar Raza,8.0,0,47,1,5.87,19,3,1,1,0,4506
Ireland VsZimbabwe,Zimbabwe,Wellington Masakadza,6.0,0,39,0,6.5,11,2,1,1,0,4506
Ireland VsZimbabwe,Ireland,Mark Adair,8.0,0,40,2,5.0,31,4,1,5,0,4506
Ireland VsZimbabwe,Ireland,Josh Little,8.0,0,39,1,4.87,28,3,1,3,0,4506
Ireland VsZimbabwe,Ireland,Graham Hume,6.0,0,41,2,6.83,14,2,1,0,0,4506
Ireland VsZimbabwe,Ireland,Harry Tector,4.0,0,20,1,5.0,10,0,0,1,0,4506
Ireland VsZimbabwe,Ireland,Andy McBrine,7.0,0,38,0,5.42,20,4,0,0,0,4506
Ireland VsZimbabwe,Ireland,Curtis Campher,3.0,0,18,0,6.0,10,3,0,0,0,4506
Ireland VsZimbabwe,Ireland,George Dockrell,1.0,0,17,0,17.0,0,2,1,0,0,4506
India VsNew Zealand,New Zealand,Henry Shipley,9.0,0,74,2,8.22,26,8,3,5,0,4507
India VsNew Zealand,New Zealand,Lockie Ferguson,10.0,0,77,1,7.7,29,10,3,0,0,4507
India VsNew Zealand,New Zealand,Blair Tickner,10.0,0,69,1,6.9,23,5,2,4,0,4507
India VsNew Zealand,New Zealand,Mitchell Santner,10.0,0,56,1,5.6,28,5,1,1,0,4507
India VsNew Zealand,New Zealand,Michael Bracewell,6.0,0,43,0,7.16,11,2,2,0,0,4507
India VsNew Zealand,New Zealand,Daryl Mitchell,5.0,0,30,2,6.0,8,1,0,1,0,4507
India VsNew Zealand,India,Mohammed Shami,10.0,1,69,1,6.9,30,8,3,0,0,4507
India VsNew Zealand,India,Mohammed Siraj,10.0,2,46,4,4.6,39,7,0,4,0,4507
India VsNew Zealand,India,Hardik Pandya,7.0,0,70,1,10.0,14,7,3,3,0,4507
India VsNew Zealand,India,Kuldeep Yadav,8.0,1,43,2,5.37,29,4,2,0,0,4507
India VsNew Zealand,India,Shardul Thakur,7.2,0,54,2,7.36,27,6,2,7,0,4507
India VsNew Zealand,India,Washington Sundar,7.0,0,50,0,7.14,18,3,3,0,0,4507
Ireland VsZimbabwe,Zimbabwe,Richard Ngarava,10.0,0,54,1,5.4,36,4,1,5,0,4508
Ireland VsZimbabwe,Zimbabwe,Tendai Chatara,10.0,0,51,3,5.1,37,6,1,2,0,4508
Ireland VsZimbabwe,Zimbabwe,Victor Nyauchi,5.0,0,28,0,5.6,19,3,0,5,0,4508
Ireland VsZimbabwe,Zimbabwe,Ryan Burl,7.0,0,43,1,6.14,13,1,1,2,0,4508
Ireland VsZimbabwe,Zimbabwe,Brad Evans,9.0,0,66,2,7.33,21,4,2,5,1,4508
Ireland VsZimbabwe,Zimbabwe,Sikandar Raza,9.0,0,47,0,5.22,24,4,0,1,0,4508
Ireland VsZimbabwe,Ireland,Josh Little,10.0,0,38,4,3.8,34,2,0,2,0,4508
Ireland VsZimbabwe,Ireland,Mark Adair,8.3,0,39,2,4.58,28,2,0,0,0,4508
Ireland VsZimbabwe,Ireland,Graham Hume,9.0,0,52,2,5.77,27,4,1,0,0,4508
Ireland VsZimbabwe,Ireland,Andy McBrine,10.0,0,48,1,4.8,24,3,0,0,0,4508
Ireland VsZimbabwe,Ireland,George Dockrell,2.0,0,5,0,2.5,7,0,0,0,0,4508
Ireland VsZimbabwe,Ireland,Curtis Campher,4.0,0,26,0,6.5,14,5,0,1,0,4508
Ireland VsZimbabwe,Ireland,Harry Tector,4.0,0,35,0,8.75,3,3,0,0,0,4508
New Zealand VsIndia,India,Mohammed Shami,6.0,1,18,3,3.0,30,3,0,3,0,4509
New Zealand VsIndia,India,Mohammed Siraj,6.0,1,10,1,1.66,30,1,0,0,0,4509
New Zealand VsIndia,India,Shardul Thakur,6.0,1,26,1,4.33,26,5,0,1,0,4509
New Zealand VsIndia,India,Hardik Pandya,6.0,3,16,2,2.66,29,2,0,1,0,4509
New Zealand VsIndia,India,Kuldeep Yadav,7.3,0,29,1,3.86,22,2,0,0,0,4509
New Zealand VsIndia,India,Washington Sundar,3.0,1,7,2,2.33,13,0,0,0,0,4509
New Zealand VsIndia,New Zealand,Lockie Ferguson,5.0,0,21,0,4.2,22,2,1,0,0,4509
New Zealand VsIndia,New Zealand,Henry Shipley,5.0,0,29,1,5.8,16,5,0,0,0,4509
New Zealand VsIndia,New Zealand,Blair Tickner,4.0,0,19,0,4.75,17,2,1,0,0,4509
New Zealand VsIndia,New Zealand,Mitchell Santner,4.1,0,28,1,6.72,14,5,0,0,0,4509
New Zealand VsIndia,New Zealand,Michael Bracewell,2.0,0,13,0,6.5,8,3,0,0,0,4509
India VsNew Zealand,New Zealand,Jacob Duffy,10.0,0,100,3,10.0,26,9,7,1,0,4511
India VsNew Zealand,New Zealand,Lockie Ferguson,10.0,1,53,0,5.3,36,7,1,2,0,4511
India VsNew Zealand,New Zealand,Blair Tickner,10.0,0,76,3,7.6,23,7,3,1,0,4511
India VsNew Zealand,New Zealand,Mitchell Santner,10.0,0,58,0,5.8,29,2,4,1,0,4511
India VsNew Zealand,New Zealand,Daryl Mitchell,4.0,0,41,0,10.25,7,6,1,1,0,4511
India VsNew Zealand,New Zealand,Michael Bracewell,6.0,0,51,1,8.5,8,2,3,0,0,4511
India VsNew Zealand,India,Hardik Pandya,6.0,0,37,1,6.16,23,3,2,3,0,4511
India VsNew Zealand,India,Washington Sundar,6.0,0,49,0,8.16,15,4,3,1,0,4511
India VsNew Zealand,India,Shardul Thakur,6.0,0,45,3,7.5,15,4,2,1,0,4511
India VsNew Zealand,India,Umran Malik,7.0,0,52,1,7.42,18,5,2,2,0,4511
India VsNew Zealand,India,Kuldeep Yadav,9.0,0,62,3,6.88,21,4,2,2,0,4511
India VsNew Zealand,India,Yuzvendra Chahal,7.2,0,43,2,5.86,22,3,2,0,0,4511
South Africa VsEngland,England,David Willey,6.0,0,38,0,6.33,16,3,0,1,0,4512
South Africa VsEngland,England,Jofra Archer,10.0,0,81,1,8.1,30,9,3,3,2,4512
South Africa VsEngland,England,Moeen Ali,8.0,0,51,1,6.37,16,3,1,0,0,4512
South Africa VsEngland,England,Sam Curran,9.0,0,35,3,3.88,29,2,0,1,1,4512
South Africa VsEngland,England,Adil Rashid,10.0,0,55,1,5.5,22,3,1,0,0,4512
South Africa VsEngland,England,Olly Stone,7.0,0,37,1,5.28,16,1,1,0,0,4512
South Africa VsEngland,South Africa,Wayne Parnell,8.0,0,42,0,5.25,27,6,0,1,0,4512
South Africa VsEngland,South Africa,Kagiso Rabada,10.0,0,46,2,4.6,34,6,0,1,1,4512
South Africa VsEngland,South Africa,Aiden Markram,2.0,0,18,0,9.0,4,1,1,1,0,4512
South Africa VsEngland,South Africa,Anrich Nortje,10.0,0,62,4,6.2,28,6,1,0,1,4512
South Africa VsEngland,South Africa,Tabraiz Shamsi,5.2,0,55,1,10.31,10,6,2,0,1,4512
South Africa VsEngland,South Africa,Sisanda Magala,9.0,0,46,3,5.11,27,3,1,1,0,4512
England VsSouth Africa,South Africa,Wayne Parnell,10.0,1,54,1,5.4,37,5,2,2,0,4513
England VsSouth Africa,South Africa,Lungi Ngidi,9.0,0,66,1,7.33,30,5,5,2,0,4513
England VsSouth Africa,South Africa,Marco Jansen,10.0,0,66,1,6.6,29,6,0,5,0,4513
England VsSouth Africa,South Africa,Anrich Nortje,9.0,1,64,2,7.11,27,7,1,1,0,4513
England VsSouth Africa,South Africa,Keshav Maharaj,8.0,0,51,1,6.37,18,2,3,0,0,4513
England VsSouth Africa,South Africa,Aiden Markram,4.0,0,26,1,6.5,10,2,1,0,1,4513
England VsSouth Africa,England,Chris Woakes,6.1,0,60,0,9.72,15,6,3,0,0,4513
England VsSouth Africa,England,Reece Topley,9.0,0,74,0,8.22,20,5,4,0,1,4513
England VsSouth Africa,England,Moeen Ali,4.0,0,32,0,8.0,6,4,0,0,0,4513
England VsSouth Africa,England,Olly Stone,10.0,1,48,2,4.8,33,3,1,1,0,4513
England VsSouth Africa,England,Sam Curran,10.0,1,60,1,6.0,26,6,0,0,0,4513
England VsSouth Africa,England,Adil Rashid,10.0,0,72,2,7.2,16,6,1,0,0,4513
England VsSouth Africa,South Africa,Marco Jansen,10.0,0,53,2,5.3,36,2,3,2,0,4514
England VsSouth Africa,South Africa,Lungi Ngidi,10.0,0,62,4,6.2,30,1,4,2,3,4514
England VsSouth Africa,South Africa,Wayne Parnell,9.0,0,53,0,5.88,27,3,3,0,0,4514
England VsSouth Africa,South Africa,Sisanda Magala,9.0,0,76,1,8.44,17,6,2,3,0,4514
England VsSouth Africa,South Africa,Aiden Markram,4.0,0,35,0,8.75,9,3,2,1,0,4514
England VsSouth Africa,South Africa,Tabraiz Shamsi,8.0,0,61,0,7.62,17,1,5,1,0,4514
England VsSouth Africa,England,Chris Woakes,8.0,1,51,1,6.37,25,6,1,0,0,4514
England VsSouth Africa,England,Reece Topley,7.0,0,48,0,6.85,19,6,1,1,0,4514
England VsSouth Africa,England,Jofra Archer,9.1,1,40,6,4.36,30,4,0,0,0,4514
England VsSouth Africa,England,Adil Rashid,10.0,0,68,3,6.8,25,4,2,3,0,4514
England VsSouth Africa,England,Sam Curran,7.0,0,50,0,7.14,9,3,1,2,0,4514
England VsSouth Africa,England,Moeen Ali,2.0,0,29,0,14.5,3,3,2,0,0,4514
Bangladesh VsEngland,England,Chris Woakes,8.0,0,28,1,3.5,36,3,1,1,0,4525
Bangladesh VsEngland,England,Jofra Archer,10.0,0,37,2,3.7,45,4,0,4,3,4525
Bangladesh VsEngland,England,Mark Wood,8.0,0,34,2,4.25,30,3,0,3,1,4525
Bangladesh VsEngland,England,Moeen Ali,7.2,0,35,2,4.77,21,2,1,0,0,4525
Bangladesh VsEngland,England,Adil Rashid,9.0,0,47,2,5.22,27,4,1,3,0,4525
Bangladesh VsEngland,England,Will Jacks,5.0,0,18,1,3.6,16,1,0,1,0,4525
Bangladesh VsEngland,Bangladesh,Shakib Al Hasan,10.0,0,45,1,4.5,33,5,0,1,0,4525
Bangladesh VsEngland,Bangladesh,Taskin Ahmed,9.0,1,26,1,2.88,38,3,0,0,0,4525
Bangladesh VsEngland,Bangladesh,Taijul Islam,10.0,0,54,3,5.4,30,2,3,0,0,4525
Bangladesh VsEngland,Bangladesh,Mehidy Hasan Miraz,10.0,2,35,2,3.5,40,3,1,0,0,4525
Bangladesh VsEngland,Bangladesh,Mustafizur Rahman,8.0,0,42,0,5.25,24,4,1,1,0,4525
Bangladesh VsEngland,Bangladesh,Najmul Hossain Shanto,1.4,0,9,0,5.4,4,1,0,0,0,4525
England VsBangladesh,Bangladesh,Shakib Al Hasan,10.0,0,64,1,6.4,27,9,0,0,0,4528
England VsBangladesh,Bangladesh,Taijul Islam,10.0,0,58,1,5.8,30,6,0,1,0,4528
England VsBangladesh,Bangladesh,Taskin Ahmed,10.0,0,66,3,6.6,30,8,2,1,0,4528
England VsBangladesh,Bangladesh,Mustafizur Rahman,10.0,0,63,0,6.3,26,6,1,0,1,4528
England VsBangladesh,Bangladesh,Mehidy Hasan Miraz,10.0,0,73,2,7.3,22,1,5,2,0,4528
England VsBangladesh,England,Sam Curran,6.4,1,29,4,4.35,26,3,0,0,1,4528
England VsBangladesh,England,Saqib Mahmood,9.0,0,41,0,4.55,33,6,0,0,0,4528
England VsBangladesh,England,Mark Wood,4.0,0,14,0,3.5,12,0,0,1,0,4528
England VsBangladesh,England,Will Jacks,6.0,0,27,0,4.5,21,3,0,0,0,4528
England VsBangladesh,England,Moeen Ali,9.0,2,27,1,3.0,37,1,1,0,0,4528
England VsBangladesh,England,Adil Rashid,10.0,0,45,4,4.5,34,5,0,0,0,4528
Bangladesh VsEngland,England,Sam Curran,8.0,1,51,2,6.37,32,8,0,3,0,4531
Bangladesh VsEngland,England,Chris Woakes,8.0,0,27,1,3.37,24,1,0,0,0,4531
Bangladesh VsEngland,England,Jofra Archer,8.5,1,35,3,3.96,33,4,0,1,0,4531
Bangladesh VsEngland,England,Moeen Ali,9.0,0,48,0,5.33,20,3,0,0,0,4531
Bangladesh VsEngland,England,Rehan Ahmed,10.0,0,62,1,6.2,21,6,0,0,0,4531
Bangladesh VsEngland,England,Adil Rashid,5.0,0,21,2,4.2,15,0,1,0,0,4531
Bangladesh VsEngland,Bangladesh,Mustafizur Rahman,6.1,0,25,1,4.05,23,3,0,1,0,4531
Bangladesh VsEngland,Bangladesh,Taijul Islam,10.0,0,52,2,5.2,29,5,0,0,0,4531
Bangladesh VsEngland,Bangladesh,Ebadot Hossain,9.0,1,38,2,4.22,32,4,0,2,0,4531
Bangladesh VsEngland,Bangladesh,Shakib Al Hasan,10.0,0,35,4,3.5,38,3,0,0,0,4531
Bangladesh VsEngland,Bangladesh,Mehidy Hasan Miraz,8.0,0,46,1,5.75,22,2,2,1,0,4531
Australia VsIndia,India,Mohammed Shami,6.0,2,17,3,2.83,30,1,1,2,0,4538
Australia VsIndia,India,Mohammed Siraj,5.4,1,29,3,5.11,26,7,0,0,0,4538
Australia VsIndia,India,Hardik Pandya,5.0,0,29,1,5.8,19,2,2,1,0,4538
Australia VsIndia,India,Shardul Thakur,2.0,0,12,0,6.0,8,1,1,0,0,4538
Australia VsIndia,India,Ravindra Jadeja,9.0,0,46,2,5.11,27,4,1,0,0,4538
Australia VsIndia,India,Kuldeep Yadav,8.0,1,48,1,6.0,24,5,1,0,0,4538
Australia VsIndia,Australia,Mitchell Starc,9.5,0,49,3,4.98,38,8,0,4,0,4538
Australia VsIndia,Australia,Marcus Stoinis,7.0,1,27,2,3.85,28,3,0,1,1,4538
Australia VsIndia,Australia,Sean Abbott,9.0,0,31,0,3.44,36,3,0,1,0,4538
Australia VsIndia,Australia,Cameron Green,6.0,0,35,0,5.83,18,3,1,2,0,4538
Australia VsIndia,Australia,Adam Zampa,6.0,0,37,0,6.16,14,2,1,1,0,4538
Australia VsIndia,Australia,Glenn Maxwell,2.0,0,7,0,3.5,6,0,0,1,0,4538
Bangladesh VsIreland,Ireland,Mark Adair,10.0,0,77,1,7.7,23,5,2,6,0,4539
Bangladesh VsIreland,Ireland,Graham Hume,10.0,0,60,4,6.0,27,4,2,1,0,4539
Bangladesh VsIreland,Ireland,Andy McBrine,10.0,0,47,1,4.7,25,3,0,0,0,4539
Bangladesh VsIreland,Ireland,Curtis Campher,8.0,0,56,1,7.0,21,7,1,0,0,4539
Bangladesh VsIreland,Ireland,Harry Tector,6.0,0,45,0,7.5,13,6,0,1,0,4539
Bangladesh VsIreland,Ireland,Gareth Delany,6.0,0,50,0,8.33,5,1,3,0,0,4539
Bangladesh VsIreland,Bangladesh,Mustafizur Rahman,6.0,0,31,0,5.16,21,3,0,4,0,4539
Bangladesh VsIreland,Bangladesh,Taskin Ahmed,6.0,2,15,2,2.5,26,1,0,0,0,4539
Bangladesh VsIreland,Bangladesh,Nasum Ahmed,8.0,0,43,3,5.37,24,4,1,0,0,4539
Bangladesh VsIreland,Bangladesh,Shakib Al Hasan,4.0,0,23,1,5.75,12,2,1,0,0,4539
Bangladesh VsIreland,Bangladesh,Ebadot Hossain,6.5,0,42,4,6.14,20,5,0,2,0,4539
West Indies VsSouth Africa,South Africa,Lungi Ngidi,10.0,0,76,0,7.6,27,3,4,2,0,4540
West Indies VsSouth Africa,South Africa,Marco Jansen,10.0,1,77,1,7.7,28,8,2,2,2,4540
West Indies VsSouth Africa,South Africa,Gerald Coetzee,10.0,0,57,3,5.7,28,5,1,2,0,4540
West Indies VsSouth Africa,South Africa,Bjorn Fortuin,10.0,0,57,2,5.7,29,5,2,1,0,4540
West Indies VsSouth Africa,South Africa,Tabraiz Shamsi,10.0,0,62,2,6.2,30,2,4,4,0,4540
West Indies VsSouth Africa,West Indies,Alzarri Joseph,8.4,0,53,3,6.11,25,2,3,1,0,4540
West Indies VsSouth Africa,West Indies,Jason Holder,7.0,1,45,0,6.42,22,4,2,1,0,4540
West Indies VsSouth Africa,West Indies,Kyle Mayers,6.0,0,40,1,6.66,17,5,1,1,0,4540
West Indies VsSouth Africa,West Indies,Akeal Hosein,10.0,0,59,3,5.9,27,4,2,0,0,4540
West Indies VsSouth Africa,West Indies,Yannic Cariah,5.0,0,47,1,9.4,13,5,3,0,0,4540
West Indies VsSouth Africa,West Indies,Odean Smith,5.0,0,40,1,8.0,13,4,1,2,1,4540
India VsAustralia,Australia,Mitchell Starc,8.0,1,53,5,6.62,27,5,2,5,0,4541
India VsAustralia,Australia,Cameron Green,5.0,0,20,0,4.0,18,2,0,1,0,4541
India VsAustralia,Australia,Sean Abbott,6.0,0,23,3,3.83,24,2,0,2,0,4541
India VsAustralia,Australia,Nathan Ellis,5.0,0,13,2,2.6,21,0,0,3,1,4541
India VsAustralia,Australia,Adam Zampa,2.0,0,6,0,3.0,7,0,0,0,0,4541
India VsAustralia,India,Mohammed Shami,3.0,0,29,0,9.66,11,3,2,3,0,4541
India VsAustralia,India,Mohammed Siraj,3.0,0,37,0,12.33,6,8,0,1,0,4541
India VsAustralia,India,Axar Patel,3.0,0,25,0,8.33,7,4,0,0,0,4541
India VsAustralia,India,Hardik Pandya,1.0,0,18,0,18.0,3,0,3,0,0,4541
India VsAustralia,India,Kuldeep Yadav,1.0,0,12,0,12.0,2,1,1,0,0,4541
West Indies VsSouth Africa,South Africa,Lungi Ngidi,6.0,0,45,1,7.5,17,5,2,0,0,4544
West Indies VsSouth Africa,South Africa,Wayne Parnell,5.2,1,30,1,5.62,23,6,0,3,0,4544
West Indies VsSouth Africa,South Africa,Marco Jansen,9.0,0,46,2,5.11,29,5,0,4,0,4544
West Indies VsSouth Africa,South Africa,Bjorn Fortuin,8.0,0,46,2,5.75,21,2,2,0,0,4544
West Indies VsSouth Africa,South Africa,Gerald Coetzee,10.0,0,53,2,5.3,33,4,1,3,0,4544
West Indies VsSouth Africa,South Africa,Aiden Markram,10.0,0,30,1,3.0,34,1,0,1,0,4544
West Indies VsSouth Africa,West Indies,Alzarri Joseph,8.0,0,50,3,6.25,32,9,0,5,0,4544
West Indies VsSouth Africa,West Indies,Jason Holder,7.0,1,66,0,9.42,19,6,2,1,2,4544
West Indies VsSouth Africa,West Indies,Kyle Mayers,2.0,0,12,1,6.0,7,2,0,1,0,4544
West Indies VsSouth Africa,West Indies,Odean Smith,2.0,0,32,0,16.0,4,3,2,0,2,4544
West Indies VsSouth Africa,West Indies,Akeal Hosein,7.0,0,49,2,7.0,20,4,3,0,0,4544
West Indies VsSouth Africa,West Indies,Yannic Cariah,3.3,0,49,0,14.0,6,6,3,0,0,4544
Australia VsIndia,India,Mohammed Shami,6.0,0,37,0,6.16,23,4,2,0,0,4545
Australia VsIndia,India,Mohammed Siraj,7.0,1,37,2,5.28,28,6,1,0,0,4545
Australia VsIndia,India,Axar Patel,8.0,0,57,2,7.12,24,3,4,0,1,4545
Australia VsIndia,India,Hardik Pandya,8.0,0,44,3,5.5,24,4,0,1,0,4545
Australia VsIndia,India,Ravindra Jadeja,10.0,0,34,0,3.4,31,1,0,1,0,4545
Australia VsIndia,India,Kuldeep Yadav,10.0,1,56,3,5.6,30,4,1,1,0,4545
Australia VsIndia,Australia,Mitchell Starc,10.0,0,67,0,6.7,34,5,3,6,0,4545
Australia VsIndia,Australia,Marcus Stoinis,9.1,0,43,1,4.69,31,3,1,0,1,4545
Australia VsIndia,Australia,Sean Abbott,10.0,0,50,1,5.0,30,3,1,1,0,4545
Australia VsIndia,Australia,Adam Zampa,10.0,0,45,4,4.5,29,2,1,0,0,4545
Australia VsIndia,Australia,Ashton Agar,10.0,0,41,2,4.1,33,2,1,0,0,4545
Ireland VsBangladesh,Bangladesh,Hasan Mahmud,8.1,1,32,5,3.91,35,5,0,1,0,4547
Ireland VsBangladesh,Bangladesh,Taskin Ahmed,10.0,1,26,3,2.6,45,2,0,1,0,4547
Ireland VsBangladesh,Bangladesh,Ebadot Hossain,6.0,0,29,2,4.83,24,3,0,2,0,4547
Ireland VsBangladesh,Bangladesh,Nasum Ahmed,3.0,0,11,0,3.66,13,2,0,0,0,4547
Ireland VsBangladesh,Bangladesh,Mehidy Hasan Miraz,1.0,0,3,0,3.0,3,0,0,0,0,4547
Ireland VsBangladesh,Ireland,Mark Adair,3.0,0,29,0,9.66,10,5,0,3,0,4547
Ireland VsBangladesh,Ireland,Graham Hume,3.0,0,15,0,5.0,12,3,0,0,0,4547
Ireland VsBangladesh,Ireland,Matthew Humphreys,4.0,0,36,0,9.0,15,4,2,1,0,4547
Ireland VsBangladesh,Ireland,Curtis Campher,3.1,1,21,0,6.63,11,3,0,2,0,4547
New Zealand VsSri Lanka,Sri Lanka,Kasun Rajitha,7.3,0,38,2,5.06,28,4,1,0,1,4548
New Zealand VsSri Lanka,Sri Lanka,Dilshan Madushanka,8.0,0,58,1,7.25,20,6,1,3,1,4548
New Zealand VsSri Lanka,Sri Lanka,Lahiru Kumara,10.0,0,46,2,4.6,32,3,1,1,0,4548
New Zealand VsSri Lanka,Sri Lanka,Chamika Karunaratne,9.0,0,43,4,4.77,31,2,1,5,1,4548
New Zealand VsSri Lanka,Sri Lanka,Wanindu Hasaranga de Silva,10.0,0,67,0,6.7,26,5,3,0,0,4548
New Zealand VsSri Lanka,Sri Lanka,Dasun Shanaka,5.0,1,16,1,3.2,21,0,1,2,0,4548
New Zealand VsSri Lanka,New Zealand,Matt Henry,6.0,2,12,0,2.0,29,1,0,0,0,4548
New Zealand VsSri Lanka,New Zealand,Henry Shipley,7.0,0,31,5,4.42,33,6,0,3,0,4548
New Zealand VsSri Lanka,New Zealand,Daryl Mitchell,3.0,0,12,2,4.0,12,2,0,0,0,4548
New Zealand VsSri Lanka,New Zealand,Blair Tickner,3.5,0,20,2,5.21,14,2,1,0,0,4548
