,Name,Team,Playing Role,SPan,age,Batting Style,Bowling_style,Players images url
0,Azmatullah Omarzai,Afghanistan,Allrounder, 2021 - 2023,22y 330d,Right hand Bat,Right arm Medium fast,"https://img1.hscicdn.com/image/upload/f_auto,t_h_100_2x/lsci/db/PICTURES/CMS/347800/347832.4.jpg"
1,Fareed Ahmad,Afghanistan,Bowler, 2014 - 2022,28y 191d,Left hand Bat,Left arm Fast medium,"https://img1.hscicdn.com/image/upload/f_auto,t_ds_square_w_160/lsci/db/PICTURES/CMS/320400/320494.png"
2,Fazalhaq Farooqi,Afghanistan,Bowler, 2021 - 2023,22y 148d,Right hand Bat,Left arm Fast medium,"https://img1.hscicdn.com/image/upload/f_auto,t_ds_square_w_160/lsci/db/PICTURES/CMS/345000/345077.png"
3,Gulbadin Naib,Afghanistan,Batting Allrounder, 2011 - 2022,31y 258d,Right hand Bat,Right arm Medium fast,"https://img1.hscicdn.com/image/upload/f_auto,t_ds_square_w_160/lsci/db/PICTURES/CMS/316600/316661.png"
4,Hashmatullah Shahidi,Afghanistan,Top order Batter, 2013 - 2022,28y 105d,Left hand Bat,Right arm Offbreak,"https://img1.hscicdn.com/image/upload/f_auto,t_ds_square_w_160/lsci/db/PICTURES/CMS/320400/320495.png"
5,Ibrahim Zadran,Afghanistan,Opening Batter, 2019 - 2023,21y 67d,Right hand Bat,Right arm Medium fast,"https://img1.hscicdn.com/image/upload/f_auto,t_ds_square_w_160/lsci/db/PICTURES/CMS/321300/321311.png"
6,Mohammad Nabi,Afghanistan,Allrounder, 2009 - 2022,38y 47d,Right hand Bat,Right arm Offbreak,"https://img1.hscicdn.com/image/upload/f_auto,t_ds_square_w_160/lsci/db/PICTURES/CMS/316500/316558.png"
7,Mujeeb Ur Rahman,Afghanistan,Bowler, 2017 - 2023,21y 326d,Right hand Bat,Right arm Offbreak,"https://img1.hscicdn.com/image/upload/f_auto,t_ds_square_w_160/lsci/db/PICTURES/CMS/320500/320501.png"
8,Najibullah Zadran,Afghanistan,Middle order Batter, 2012 - 2023,29y 354d,Left hand Bat,Right arm Offbreak,"https://img1.hscicdn.com/image/upload/f_auto,t_ds_square_w_160/lsci/db/PICTURES/CMS/316600/316698.png"
9,Noor Ahmad,Afghanistan,Bowler, 2022 - 2022,18y 45d,Right hand Bat,Left arm Wrist spin,"https://img1.hscicdn.com/image/upload/f_auto,t_ds_square_w_160/lsci/db/PICTURES/CMS/322100/322161.png"
10,Rahmanullah Gurbaz,Afghanistan,Wicketkeeper Batter, 2019 - 2023,21y 81d,Right hand Bat,,"https://img1.hscicdn.com/image/upload/f_auto,t_ds_square_w_160/lsci/db/PICTURES/CMS/320500/320504.png"
11,Rahmat Shah,Afghanistan,Allrounder, 2013 - 2022,29y 226d,Right hand Bat,Legbreak Googly,"https://img1.hscicdn.com/image/upload/f_auto,t_ds_square_w_160/lsci/db/PICTURES/CMS/320500/320505.png"
12,Rashid Khan,Afghanistan,Bowling Allrounder, 2015 - 2023,24y 150d,Right hand Bat,Legbreak Googly,"https://img1.hscicdn.com/image/upload/f_auto,t_ds_square_w_160/lsci/db/PICTURES/CMS/320500/320506.png"
13,Riaz Hassan,Afghanistan,INTL CAREER: 2022 - 2022, 2022 - 2022,20y 102d,Right hand Bat,,"https://img1.hscicdn.com/image/upload/f_auto,t_ds_square_w_160/lsci/db/PICTURES/CMS/330600/330621.png"
14,Yamin Ahmadzai,Afghanistan,Bowler, 2015 - 2022,30y 207d,Right hand Bat,Right arm Medium fast,"https://img1.hscicdn.com/image/upload/f_auto,t_ds_square_w_160/lsci/db/PICTURES/CMS/327600/327679.jpg"
15,Sean Abbott,Australia,Allrounder, 2014 - 2022,30y 354d,Right hand Bat,Right arm Fast medium,"https://img1.hscicdn.com/image/upload/f_auto,t_ds_square_w_160/lsci/db/PICTURES/CMS/321600/321601.png"
16,Ashton Agar,Australia,Bowler, 2013 - 2023,29y 126d,Left hand Bat,Slow Left arm Orthodox,"https://img1.hscicdn.com/image/upload/f_auto,t_ds_square_w_160/lsci/db/PICTURES/CMS/321500/321559.png"
17,Jason Behrendorff,Australia,Bowler, 2017 - 2022,32y 303d,Right hand Bat,Left arm Fast medium,"https://img1.hscicdn.com/image/upload/f_auto,t_ds_square_w_160/lsci/db/PICTURES/CMS/321500/321589.png"
18,Alex Carey,Australia,Wicketkeeper Batter, 2018 - 2023,31y 174d,Left hand Bat,,"https://img1.hscicdn.com/image/upload/f_auto,t_ds_square_w_160/lsci/db/PICTURES/CMS/321500/321551.png"
19,Pat Cummins,Australia,Bowler, 2011 - 2023,29y 285d,Right hand Bat,Right arm Fast,"https://img1.hscicdn.com/image/upload/f_auto,t_ds_square_w_160/lsci/db/PICTURES/CMS/316600/316692.png"
20,Nathan Ellis,Australia,Bowler, 2021 - 2022,28y 148d,Right hand Bat,Right arm Fast medium,"https://img1.hscicdn.com/image/upload/f_auto,t_ds_square_w_160/lsci/db/PICTURES/CMS/329700/329711.png"
21,Aaron Finch,Australia,Top order Batter, 2011 - 2022,36y 92d,Right hand Bat,Slow Left arm Orthodox,"https://img1.hscicdn.com/image/upload/f_auto,t_ds_square_w_160/lsci/db/PICTURES/CMS/316500/316533.png"
22,Cameron Green,Australia,Batting Allrounder, 2020 - 2022,23y 259d,Right hand Bat,Right arm Fast medium,"https://img1.hscicdn.com/image/upload/f_auto,t_ds_square_w_160/lsci/db/PICTURES/CMS/321500/321569.png"
23,Josh Hazlewood,Australia,Bowler, 2010 - 2023,32y 40d,Left hand Bat,Right arm Fast medium,"https://img1.hscicdn.com/image/upload/f_auto,t_ds_square_w_160/lsci/db/PICTURES/CMS/316600/316622.png"
24,Travis Head,Australia,Middle order Batter, 2016 - 2023,29y 50d,Left hand Bat,Right arm Offbreak,"https://img1.hscicdn.com/image/upload/f_auto,t_ds_square_w_160/lsci/db/PICTURES/CMS/321500/321584.png"
25,Josh Inglis,Australia,Wicketkeeper Batter, 2022 - 2022,27y 350d,Right hand Bat,,"https://img1.hscicdn.com/image/upload/f_auto,t_ds_square_w_160/lsci/db/PICTURES/CMS/324200/324232.png"
26,Matthew Kuhnemann,Australia,Bowler, 2022 - 2023,26y 150d,Left hand Bat,Slow Left arm Orthodox,"https://img1.hscicdn.com/image/upload/f_auto,t_ds_square_w_1040/lsci/db/PICTURES/CMS/340400/340493.png"
27,Marnus Labuschagne,Australia,Batting Allrounder, 2018 - 2023,28y 240d,Right hand Bat,Legbreak,"https://img1.hscicdn.com/image/upload/f_auto,t_ds_square_w_160/lsci/db/PICTURES/CMS/321500/321585.png"
28,Mitchell Marsh,Australia,Allrounder, 2011 - 2022,31y 120d,Right hand Bat,Right arm Medium,"https://img1.hscicdn.com/image/upload/f_auto,t_ds_square_w_160/lsci/db/PICTURES/CMS/316600/316612.png"
29,Glenn Maxwell,Australia,Batting Allrounder, 2012 - 2022,34y 126d,Right hand Bat,Right arm Offbreak,"https://img1.hscicdn.com/image/upload/f_auto,t_ds_square_w_160/lsci/db/PICTURES/CMS/316600/316657.png"
30,Ben McDermott,Australia,Wicketkeeper Batter, 2018 - 2022,28y 67d,Right hand Bat,Right arm Medium,"https://img1.hscicdn.com/image/upload/f_auto,t_ds_square_w_160/lsci/db/PICTURES/CMS/321500/321563.png"
31,Jhye Richardson,Australia,Bowler, 2017 - 2022,26y 150d,Right hand Bat,Right arm Fast,"https://img1.hscicdn.com/image/upload/f_auto,t_ds_square_w_160/lsci/db/PICTURES/CMS/321500/321591.png"
32,Steven Smith,Australia,Middle order Batter, 2010 - 2023,33y 260d,Right hand Bat,Legbreak Googly,"https://img1.hscicdn.com/image/upload/f_auto,t_ds_square_w_160/lsci/db/PICTURES/CMS/316600/316609.png"
33,Mitchell Starc,Australia,Bowler, 2010 - 2022,33y 18d,Left hand Bat,Left arm Fast,"https://img1.hscicdn.com/image/upload/f_auto,t_ds_square_w_160/lsci/db/PICTURES/CMS/316600/316644.png"
34,Marcus Stoinis,Australia,Batting Allrounder, 2015 - 2022,33y 185d,Right hand Bat,Right arm Medium,"https://img1.hscicdn.com/image/upload/f_auto,t_ds_square_w_160/lsci/db/PICTURES/CMS/321500/321596.png"
35,Mitchell Swepson,Australia,Bowler, 2018 - 2022,29y 136d,Right hand Bat,Legbreak,"https://img1.hscicdn.com/image/upload/f_auto,t_ds_square_w_160/lsci/db/PICTURES/CMS/321600/321605.png"
36,David Warner,Australia,Opening Batter, 2009 - 2023,36y 113d,Left hand Bat,Legbreak,"https://img1.hscicdn.com/image/upload/f_auto,t_ds_square_w_160/lsci/db/PICTURES/CMS/316500/316589.png"
37,Adam Zampa,Australia,Bowler, 2016 - 2022,30y 323d,Right hand Bat,Legbreak Googly,"https://img1.hscicdn.com/image/upload/f_auto,t_ds_square_w_160/lsci/db/PICTURES/CMS/321500/321549.png"
38,Afif Hossain,Bangladesh,Allrounder, 2018 - 2022,23y 148d,Left hand Bat,Right arm Offbreak,"https://img1.hscicdn.com/image/upload/f_auto,t_ds_square_w_160/lsci/db/PICTURES/CMS/323100/323159.png"
39,Anamul Haque,Bangladesh,Wicketkeeper Batter, 2012 - 2022,30y 63d,Right hand Bat,,"https://img1.hscicdn.com/image/upload/f_auto,t_ds_square_w_160/lsci/db/PICTURES/CMS/316600/316669.png"
40,Ebadot Hossain,Bangladesh,Bowler, 2019 - 2022,29y 41d,Right hand Bat,Right arm Fast medium,"https://img1.hscicdn.com/image/upload/f_auto,t_ds_square_w_160/lsci/db/PICTURES/CMS/345000/345078.png"
41,Hasan Mahmud,Bangladesh,Bowler, 2020 - 2022,23y 128d,Right hand Bat,Right arm Medium,"https://img1.hscicdn.com/image/upload/f_auto,t_ds_square_w_160/lsci/db/PICTURES/CMS/323100/323172.png"
42,Litton Das,Bangladesh,Wicketkeeper Batter, 2015 - 2022,28y 127d,Right hand Bat,Right arm Offbreak,"https://img1.hscicdn.com/image/upload/f_auto,t_ds_square_w_160/lsci/db/PICTURES/CMS/319700/319727.png"
43,Mahmudullah,Bangladesh,Allrounder, 2007 - 2022,37y 13d,Right hand Bat,Right arm Offbreak,"https://img1.hscicdn.com/image/upload/f_auto,t_ds_square_w_160/lsci/db/PICTURES/CMS/316500/316571.png"
44,Mehidy Hasan Miraz,Bangladesh,Allrounder, 2016 - 2022,25y 115d,Right hand Bat,Right arm Offbreak,"https://img1.hscicdn.com/image/upload/f_auto,t_ds_square_w_160/lsci/db/PICTURES/CMS/319700/319728.png"
45,Mosaddek Hossain,Bangladesh,Middle order Batter, 2016 - 2022,27y 69d,Right hand Bat,Right arm Offbreak,"https://img1.hscicdn.com/image/upload/f_auto,t_ds_square_w_160/lsci/db/PICTURES/CMS/319700/319733.png"
46,Mushfiqur Rahim,Bangladesh,Wicketkeeper Batter, 2005 - 2022,35y 284d,Right hand Bat,,"https://img1.hscicdn.com/image/upload/f_auto,t_ds_square_w_160/lsci/db/PICTURES/CMS/316500/316578.png"
47,Mustafizur Rahman,Bangladesh,Bowler, 2015 - 2022,27y 164d,Left hand Bat,Left arm Fast medium,"https://img1.hscicdn.com/image/upload/f_auto,t_ds_square_w_160/lsci/db/PICTURES/CMS/319700/319734.png"
48,Najmul Hossain Shanto,Bangladesh,Top order Batter, 2017 - 2022,24y 176d,Left hand Bat,Right arm Offbreak,"https://img1.hscicdn.com/image/upload/f_auto,t_ds_square_w_160/lsci/db/PICTURES/CMS/323100/323155.png"
49,Nasum Ahmed,Bangladesh,Bowler, 2021 - 2022,28y 74d,Left hand Bat,Slow Left arm Orthodox,"https://img1.hscicdn.com/image/upload/f_auto,t_ds_square_w_160/lsci/db/PICTURES/CMS/323100/323176.png"
50,Nurul Hasan,Bangladesh,Wicketkeeper Batter, 2016 - 2022,29y 88d,Right hand Bat,,"https://img1.hscicdn.com/image/upload/f_auto,t_ds_square_w_160/lsci/db/PICTURES/CMS/323100/323162.png"
51,Shakib Al Hasan,Bangladesh,Allrounder, 2006 - 2022,35y 330d,Left hand Bat,Slow Left arm Orthodox,"https://img1.hscicdn.com/image/upload/f_auto,t_ds_square_w_160/lsci/db/PICTURES/CMS/316500/316581.png"
52,Shoriful Islam,Bangladesh,Bowler, 2021 - 2022,21y 259d,Left hand Bat,Left arm Medium fast,"https://img1.hscicdn.com/image/upload/f_auto,t_ds_square_w_160/lsci/db/PICTURES/CMS/323100/323175.png"
53,Taijul Islam,Bangladesh,Bowler, 2014 - 2022,31y 10d,Left hand Bat,Slow Left arm Orthodox,"https://img1.hscicdn.com/image/upload/f_auto,t_ds_square_w_160/lsci/db/PICTURES/CMS/316600/316675.png"
54,Tamim Iqbal,Bangladesh,Opening Batter, 2007 - 2022,33y 334d,Left hand Bat,,"https://img1.hscicdn.com/image/upload/f_auto,t_ds_square_w_160/lsci/db/PICTURES/CMS/316500/316583.png"
55,Taskin Ahmed,Bangladesh,Bowler, 2014 - 2022,27y 320d,Left hand Bat,Right arm Fast,"https://img1.hscicdn.com/image/upload/f_auto,t_ds_square_w_160/lsci/db/PICTURES/CMS/316700/316703.png"
56,Yasir Ali,Bangladesh,Middle order Batter, 2019 - 2022,26y 348d,Right hand Bat,Right arm Offbreak,"https://img1.hscicdn.com/image/upload/f_auto,t_h_100_2x/lsci/db/PICTURES/CMS/179500/179555.1.jpg"
57,Moeen Ali,England,Batting Allrounder, 2014 - 2023,35y 244d,Left hand Bat,Right arm Offbreak,"https://img1.hscicdn.com/image/upload/f_auto,t_ds_square_w_160/lsci/db/PICTURES/CMS/316500/316557.png"
58,Jofra Archer,England,Bowler, 2019 - 2023,27y 322d,Right hand Bat,Right arm Fast,"https://img1.hscicdn.com/image/upload/f_auto,t_ds_square_w_160/lsci/db/PICTURES/CMS/322900/322929.png"
59,Jonny Bairstow,England,Wicketkeeper Batter, 2011 - 2022,33y 144d,Right hand Bat,Right arm Medium,"https://img1.hscicdn.com/image/upload/f_auto,t_ds_square_w_160/lsci/db/PICTURES/CMS/319700/319794.png"
60,Sam Billings,England,Wicketkeeper Batter, 2015 - 2022,31y 247d,Right hand Bat,,"https://img1.hscicdn.com/image/upload/f_auto,t_ds_square_w_160/lsci/db/PICTURES/CMS/322900/322932.png"
61,Harry Brook,England,Batter, 2022 - 2023,23y 360d,Right hand Bat,Right arm Medium,"https://img1.hscicdn.com/image/upload/f_auto,t_ds_square_w_160/lsci/db/PICTURES/CMS/324200/324246.png"
62,Jos Buttler,England,Wicketkeeper Batter, 2011 - 2023,32y 162d,Right hand Bat,,"https://img1.hscicdn.com/image/upload/f_auto,t_ds_square_w_160/lsci/db/PICTURES/CMS/316600/316642.png"
63,Brydon Carse,England,Bowler, 2021 - 2022,27y 201d,Right hand Bat,Right arm Fast,"https://img1.hscicdn.com/image/upload/f_auto,t_ds_square_w_160/lsci/db/PICTURES/CMS/325900/325908.png"
64,Sam Curran,England,Allrounder, 2018 - 2023,24y 259d,Left hand Bat,Left arm Medium fast,"https://img1.hscicdn.com/image/upload/f_auto,t_ds_square_w_160/lsci/db/PICTURES/CMS/323100/323113.png"
65,Liam Dawson,England,Allrounder, 2016 - 2022,32y 353d,Right hand Bat,Slow Left arm Orthodox,"https://img1.hscicdn.com/image/upload/f_auto,t_ds_square_w_160/lsci/db/PICTURES/CMS/323100/323109.png"
66,Ben Duckett,England,Top order Batter, 2016 - 2023,28y 123d,Left hand Bat,Right arm Offbreak,"https://img1.hscicdn.com/image/upload/f_auto,t_ds_square_w_160/lsci/db/PICTURES/CMS/323100/323115.png"
67,Chris Jordan,England,Bowler, 2013 - 2022,34y 136d,Right hand Bat,Right arm Fast medium,"https://img1.hscicdn.com/image/upload/f_auto,t_ds_square_w_160/lsci/db/PICTURES/CMS/316600/316623.png"
68,Liam Livingstone,England,Batting Allrounder, 2017 - 2022,29y 197d,Right hand Bat,Legbreak,"https://img1.hscicdn.com/image/upload/f_auto,t_ds_square_w_160/lsci/db/PICTURES/CMS/323100/323103.png"
69,Dawid Malan,England,Top order Batter, 2017 - 2023,35y 167d,Left hand Bat,Legbreak,"https://img1.hscicdn.com/image/upload/f_auto,t_ds_square_w_160/lsci/db/PICTURES/CMS/323000/323003.png"
70,Eoin Morgan,England,Middle order Batter, 2006 - 2022,36y 160d,Left hand Bat,Right arm Medium,"https://img1.hscicdn.com/image/upload/f_auto,t_ds_square_w_160/lsci/db/PICTURES/CMS/316500/316564.png"
71,Craig Overton,England,Bowling Allrounder, 2017 - 2022,28y 313d,Right hand Bat,Right arm Medium fast,"https://img1.hscicdn.com/image/upload/f_auto,t_ds_square_w_160/lsci/db/PICTURES/CMS/323100/323106.png"
72,David Payne,England,Bowler, 2022 - 2022,32y 2d,Right hand Bat,Left arm Fast medium,"https://img1.hscicdn.com/image/upload/f_auto,t_ds_square_w_160/lsci/db/PICTURES/CMS/324300/324359.png"
73,Matthew Potts,England,Bowler, 2022 - 2022,24y 111d,Right hand Bat,Right arm Fast medium,"https://img1.hscicdn.com/image/upload/f_auto,t_ds_square_w_160/lsci/db/PICTURES/CMS/325900/325916.png"
74,Adil Rashid,England,Bowler, 2009 - 2023,35y ,Right hand Bat,Legbreak,"https://img1.hscicdn.com/image/upload/f_auto,t_ds_square_w_160/lsci/db/PICTURES/CMS/319700/319741.png"
75,Joe Root,England,Top order Batter, 2012 - 2023,32y 49d,Right hand Bat,"Right arm Offbreak, Legbreak","https://img1.hscicdn.com/image/upload/f_auto,t_ds_square_w_160/lsci/db/PICTURES/CMS/316600/316639.png"
76,Jason Roy,England,Opening Batter, 2014 - 2023,32y 211d,Right hand Bat,,"https://img1.hscicdn.com/image/upload/f_auto,t_ds_square_w_160/lsci/db/PICTURES/CMS/319700/319791.png"
77,Phil Salt,England,Wicketkeeper Batter, 2021 - 2022,26y 173d,Right hand Bat,Right arm Offbreak,"https://img1.hscicdn.com/image/upload/f_auto,t_ds_square_w_160/lsci/db/PICTURES/CMS/324200/324245.png"
78,Ben Stokes,England,Allrounder, 2011 - 2023,31y 258d,Left hand Bat,Right arm Fast medium,"https://img1.hscicdn.com/image/upload/f_auto,t_ds_square_w_160/lsci/db/PICTURES/CMS/319700/319748.png"
79,Olly Stone,England,Bowler, 2018 - 2023,29y 131d,Right hand Bat,Right arm Fast,"https://img1.hscicdn.com/image/upload/f_auto,t_h_100_2x/lsci/db/PICTURES/CMS/349500/349594.4.jpg"
80,Reece Topley,England,Bowler, 2015 - 2023,28y 361d,Right hand Bat,Left arm Fast medium,"https://img1.hscicdn.com/image/upload/f_auto,t_ds_square_w_160/lsci/db/PICTURES/CMS/322900/322910.png"
81,James Vince,England,Batter, 2015 - 2022,31y 340d,Right hand Bat,Right arm Medium,"https://img1.hscicdn.com/image/upload/f_auto,t_ds_square_w_160/lsci/db/PICTURES/CMS/323000/323001.png"
82,David Willey,England,Bowling Allrounder, 2015 - 2023,32y 354d,Left hand Bat,Left arm Fast medium,"https://img1.hscicdn.com/image/upload/f_auto,t_ds_square_w_160/lsci/db/PICTURES/CMS/322900/322904.png"
83,Chris Woakes,England,Allrounder, 2011 - 2023,33y 352d,Right hand Bat,Right arm Fast medium,"https://img1.hscicdn.com/image/upload/f_auto,t_ds_square_w_160/lsci/db/PICTURES/CMS/316600/316603.png"
84,Luke Wood,England,Bowling Allrounder, 2022 - 2022,27y 199d,Left hand Bat,Left arm Fast medium,"https://img1.hscicdn.com/image/upload/f_auto,t_ds_square_w_160/lsci/db/PICTURES/CMS/324300/324367.png"
85,Arshdeep Singh,India,Bowler, 2022 - 2023,24y 12d,Left hand Bat,Left arm Medium fast,"https://img1.hscicdn.com/image/upload/f_auto,t_ds_square_w_160/lsci/db/PICTURES/CMS/322100/322178.png"
86,Avesh Khan,India,Bowler, 2022 - 2022,26y 66d,Right hand Bat,Right arm Fast medium,"https://img1.hscicdn.com/image/upload/f_auto,t_ds_square_w_160/lsci/db/PICTURES/CMS/322200/322244.png"
87,Jasprit Bumrah,India,Bowler, 2016 - 2022,29y 73d,Right hand Bat,Right arm Fast,"https://img1.hscicdn.com/image/upload/f_auto,t_ds_square_w_160/lsci/db/PICTURES/CMS/319900/319940.png"
88,Yuzvendra Chahal,India,Bowler, 2016 - 2023,32y 209d,Right hand Bat,Legbreak Googly,"https://img1.hscicdn.com/image/upload/f_auto,t_ds_square_w_160/lsci/db/PICTURES/CMS/319900/319955.png"
89,Deepak Chahar,India,Bowler, 2018 - 2022,30y 194d,Right hand Bat,Right arm Medium,"https://img1.hscicdn.com/image/upload/f_auto,t_ds_square_w_160/lsci/db/PICTURES/CMS/322700/322704.png"
90,Shikhar Dhawan,India,Opening Batter, 2010 - 2022,37y 74d,Left hand Bat,Right arm Offbreak,"https://img1.hscicdn.com/image/upload/f_auto,t_ds_square_w_160/lsci/db/PICTURES/CMS/316500/316524.png"
91,Ruturaj Gaikwad,India,Batter, 2021 - 2022,26y 17d,Right hand Bat,Right arm Offbreak,"https://img1.hscicdn.com/image/upload/f_auto,t_ds_square_w_160/lsci/db/PICTURES/CMS/322200/322236.png"
92,Deepak Hooda,India,Allrounder, 2022 - 2023,27y 304d,Right hand Bat,Right arm Offbreak,"https://img1.hscicdn.com/image/upload/f_auto,t_ds_square_w_160/lsci/db/PICTURES/CMS/345000/345083.png"
93,Ishan Kishan,India,Wicketkeeper Batter, 2021 - 2023,24y 214d,Left hand Bat,,"https://img1.hscicdn.com/image/upload/f_auto,t_ds_square_w_160/lsci/db/PICTURES/CMS/331100/331165.png"
94,Shreyas Iyer,India,Top order Batter, 2017 - 2023,28y 73d,Right hand Bat,"Right arm Offbreak, Legbreak Googly","https://img1.hscicdn.com/image/upload/f_auto,t_ds_square_w_160/lsci/db/PICTURES/CMS/323000/323035.png"
95,Ravindra Jadeja,India,Allrounder, 2009 - 2023,34y 73d,Left hand Bat,Slow Left arm Orthodox,"https://img1.hscicdn.com/image/upload/f_auto,t_ds_square_w_160/lsci/db/PICTURES/CMS/316600/316600.png"
96,Virat Kohli,India,Top order Batter, 2008 - 2023,34y 104d,Right hand Bat,Right arm Medium,"https://img1.hscicdn.com/image/upload/f_auto,t_ds_square_w_160/lsci/db/PICTURES/CMS/316600/316605.png"
97,Kuldeep Yadav,India,Bowler, 2014 - 2023,28y 65d,Left hand Bat,Left arm Wrist spin,"https://img1.hscicdn.com/image/upload/f_auto,t_ds_square_w_160/lsci/db/PICTURES/CMS/319900/319943.png"
98,Mohammed Shami,India,Bowler, 2013 - 2023,32y 167d,Right hand Bat,Right arm Fast,"https://img1.hscicdn.com/image/upload/f_auto,t_ds_square_w_160/lsci/db/PICTURES/CMS/316600/316691.png"
99,Mohammed Siraj,India,Bowler, 2017 - 2023,28y 341d,Right hand Bat,Right arm Fast,"https://img1.hscicdn.com/image/upload/f_auto,t_ds_square_w_160/lsci/db/PICTURES/CMS/322600/322611.png"
100,Hardik Pandya,India,Allrounder, 2016 - 2023,29y 129d,Right hand Bat,Right arm Medium fast,"https://img1.hscicdn.com/image/upload/f_auto,t_ds_square_w_160/lsci/db/PICTURES/CMS/319900/319938.png"
101,Rishabh Pant,India,Wicketkeeper Batter, 2017 - 2022,25y 136d,Left hand Bat,,"https://img1.hscicdn.com/image/upload/f_auto,t_ds_square_w_160/lsci/db/PICTURES/CMS/323000/323036.png"
102,Axar Patel,India,Bowling Allrounder, 2014 - 2023,29y 28d,Left hand Bat,Slow Left arm Orthodox,"https://img1.hscicdn.com/image/upload/f_auto,t_ds_square_w_160/lsci/db/PICTURES/CMS/331100/331164.png"
103,Prasidh Krishna,India,Bowler, 2021 - 2022,26y 363d,Right hand Bat,Right arm Fast medium,"https://img1.hscicdn.com/image/upload/f_auto,t_ds_square_w_160/lsci/db/PICTURES/CMS/322600/322617.png"
104,KL Rahul,India,Opening Batter, 2014 - 2023,30y 305d,Right hand Bat,,"https://img1.hscicdn.com/image/upload/f_auto,t_ds_square_w_160/lsci/db/PICTURES/CMS/319900/319942.png"
105,Ravi Bishnoi,India,Bowler, 2022 - 2022,22y 165d,Right hand Bat,Legbreak Googly,"https://img1.hscicdn.com/image/upload/f_auto,t_ds_square_w_160/lsci/db/PICTURES/CMS/337100/337188.png"
106,Sanju Samson,India,Wicketkeeper Batter, 2014 - 2023,28y 98d,Right hand Bat,,"https://img1.hscicdn.com/image/upload/f_auto,t_ds_square_w_160/lsci/db/PICTURES/CMS/322700/322701.png"
107,Kuldeep Sen,India,Bowler, 2022 - 2022,26y 118d,Right hand Bat,Right arm Fast,"https://img1.hscicdn.com/image/upload/f_auto,t_ds_square_w_1040/lsci/db/PICTURES/CMS/313100/313128.logo.png"
108,Shahbaz Ahmed,India,Allrounder, 2022 - 2022,28y 68d,Left hand Bat,Slow Left arm Orthodox,"https://img1.hscicdn.com/image/upload/f_auto,t_ds_square_w_160/lsci/db/PICTURES/CMS/340300/340313.png"
109,Rohit Sharma,India,Top order Batter, 2007 - 2023,35y 293d,Right hand Bat,Right arm Offbreak,"https://img1.hscicdn.com/image/upload/f_auto,t_ds_square_w_160/lsci/db/PICTURES/CMS/316500/316584.png"
110,Shubman Gill,India,Opening Batter, 2019 - 2023,23y 162d,Right hand Bat,Right arm Offbreak,"https://img1.hscicdn.com/image/upload/f_auto,t_ds_square_w_160/lsci/db/PICTURES/CMS/322600/322697.png"
111,Shardul Thakur,India,Bowler, 2017 - 2023,31y 124d,Right hand Bat,Right arm Medium,"https://img1.hscicdn.com/image/upload/f_auto,t_ds_square_w_160/lsci/db/PICTURES/CMS/322600/322696.png"
112,Umran Malik,India,Bowler, 2022 - 2023,23y 87d,Right hand Bat,Right arm Fast,"https://img1.hscicdn.com/image/upload/f_auto,t_ds_square_w_160/lsci/db/PICTURES/CMS/343200/343263.png"
113,Washington Sundar,India,Bowling Allrounder, 2017 - 2023,23y 135d,Left hand Bat,Right arm Offbreak,"https://img1.hscicdn.com/image/upload/f_auto,t_ds_square_w_160/lsci/db/PICTURES/CMS/322600/322619.png"
114,Suryakumar Yadav,India,Batter, 2021 - 2023,32y 156d,Right hand Bat,"Right arm Medium, Right arm Offbreak","https://img1.hscicdn.com/image/upload/f_auto,t_ds_square_w_160/lsci/db/PICTURES/CMS/331100/331163.png"
115,Mark Adair,Ireland,Bowling Allrounder, 2016 - 2023,26y 327d,Right hand Bat,Right arm Fast medium,"https://img1.hscicdn.com/image/upload/f_auto,t_ds_square_w_160/lsci/db/PICTURES/CMS/319800/319892.png"
116,Andy Balbirnie,Ireland,Batter, 2010 - 2023,32y 51d,Right hand Bat,Right arm Offbreak,"https://img1.hscicdn.com/image/upload/f_auto,t_ds_square_w_160/lsci/db/PICTURES/CMS/316600/316637.png"
117,Curtis Campher,Ireland,Allrounder, 2020 - 2023,23y 303d,Right hand Bat,Right arm Medium fast,"https://img1.hscicdn.com/image/upload/f_auto,t_ds_square_w_160/lsci/db/PICTURES/CMS/321300/321343.png"
118,Murray Commins,Ireland,Batter, 2023 - 2023,26y 46d,Left hand Bat,,"https://img1.hscicdn.com/image/upload/f_auto,t_h_100_2x/lsci/db/PICTURES/CMS/253600/253624.1.jpg"
119,Gareth Delany,Ireland,Batting Allrounder, 2019 - 2023,25y 295d,Right hand Bat,Legbreak Googly,"https://img1.hscicdn.com/image/upload/f_auto,t_ds_square_w_160/lsci/db/PICTURES/CMS/319800/319872.png"
120,George Dockrell,Ireland,Allrounder, 2010 - 2023,30y 210d,Right hand Bat,Slow Left arm Orthodox,"https://img1.hscicdn.com/image/upload/f_auto,t_ds_square_w_160/lsci/db/PICTURES/CMS/316600/316659.png"
121,Stephen Doheny,Ireland,Opening Batter, 2023 - 2023,24y 181d,Right hand Bat,,"https://img1.hscicdn.com/image/upload/f_auto,t_ds_square_w_160/lsci/db/PICTURES/CMS/348600/348601.png"
122,Graham Hume,Ireland,Bowler, 2022 - 2023,32y 86d,Left hand Bat,Right arm Fast medium,"https://img1.hscicdn.com/image/upload/f_auto,t_h_100_2x/lsci/db/PICTURES/CMS/112600/112615.1.jpg"
123,Josh Little,Ireland,Bowler, 2016 - 2023,23y 108d,Right hand Bat,Left arm Fast medium,"https://img1.hscicdn.com/image/upload/f_auto,t_ds_square_w_160/lsci/db/PICTURES/CMS/319800/319874.png"
124,Andy McBrine,Ireland,Bowler, 2014 - 2023,29y 293d,Left hand Bat,Right arm Offbreak,"https://img1.hscicdn.com/image/upload/f_auto,t_ds_square_w_160/lsci/db/PICTURES/CMS/316600/316681.png"
125,Simi Singh,Ireland,Bowling Allrounder, 2017 - 2022,36y 13d,Right hand Bat,"Right arm Offbreak, Legbreak Googly","https://img1.hscicdn.com/image/upload/f_auto,t_ds_square_w_160/lsci/db/PICTURES/CMS/319800/319897.png"
126,Paul Stirling,Ireland,Batting Allrounder, 2008 - 2023,32y 167d,Right hand Bat,Right arm Offbreak,"https://img1.hscicdn.com/image/upload/f_auto,t_ds_square_w_160/lsci/db/PICTURES/CMS/316600/316638.png"
127,Harry Tector,Ireland,Middle order Batter, 2019 - 2023,23y 73d,Right hand Bat,Right arm Offbreak,"https://img1.hscicdn.com/image/upload/f_auto,t_ds_square_w_160/lsci/db/PICTURES/CMS/319800/319873.png"
128,Lorcan Tucker,Ireland,Wicketkeeper Batter, 2016 - 2023,26y 160d,Right hand Bat,,"https://img1.hscicdn.com/image/upload/f_auto,t_ds_square_w_160/lsci/db/PICTURES/CMS/339100/339164.png"
129,Craig Young,Ireland,Bowler, 2014 - 2022,32y 319d,Right hand Bat,Right arm Fast medium,"https://img1.hscicdn.com/image/upload/f_auto,t_ds_square_w_160/lsci/db/PICTURES/CMS/316600/316664.png"
130,Finn Allen,New Zealand,Top order Batter, 2021 - 2023,23y 301d,Right hand Bat,,"https://img1.hscicdn.com/image/upload/f_auto,t_ds_square_w_160/lsci/db/PICTURES/CMS/321200/321220.png"
131,Trent Boult,New Zealand,Bowler, 2011 - 2022,33y 210d,Right hand Bat,Left arm Fast medium,"https://img1.hscicdn.com/image/upload/f_auto,t_ds_square_w_160/lsci/db/PICTURES/CMS/316600/316619.png"
132,Doug Bracewell,New Zealand,Bowler, 2011 - 2022,32y 142d,Right hand Bat,Right arm Fast medium,"https://img1.hscicdn.com/image/upload/f_auto,t_ds_square_w_160/lsci/db/PICTURES/CMS/321200/321218.png"
133,Michael Bracewell,New Zealand,Batting Allrounder, 2022 - 2023,32y 3d,Left hand Bat,Right arm Offbreak,"https://img1.hscicdn.com/image/upload/f_auto,t_ds_square_w_160/lsci/db/PICTURES/CMS/346200/346245.png"
134,Mark Chapman,New Zealand,Allrounder, 2014 - 2023,28y 235d,Left hand Bat,Slow Left arm Orthodox,"https://img1.hscicdn.com/image/upload/f_auto,t_ds_square_w_160/lsci/db/PICTURES/CMS/321200/321241.png"
135,Dane Cleaver,New Zealand,Wicketkeeper Batter, 2022 - 2022,31y 47d,Right hand Bat,Legbreak,"https://img1.hscicdn.com/image/upload/f_auto,t_h_100_2x/lsci/db/PICTURES/CMS/112400/112496.1.jpg"
136,Devon Conway,New Zealand,Wicketkeeper Batter, 2020 - 2023,31y 224d,Left hand Bat,Right arm Medium,"https://img1.hscicdn.com/image/upload/f_auto,t_ds_square_w_160/lsci/db/PICTURES/CMS/321200/321214.png"
137,Colin de Grandhomme,New Zealand,Allrounder, 2012 - 2022,36y 210d,Right hand Bat,Right arm Medium fast,"https://img1.hscicdn.com/image/upload/f_auto,t_ds_square_w_160/lsci/db/PICTURES/CMS/319700/319771.png"
138,Jacob Duffy,New Zealand,Bowler, 2020 - 2023,28y 199d,Right hand Bat,Right arm Fast medium,"https://img1.hscicdn.com/image/upload/f_auto,t_ds_square_w_160/lsci/db/PICTURES/CMS/329700/329747.png"
139,Lockie Ferguson,New Zealand,Bowler, 2016 - 2023,31y 249d,Right hand Bat,Right arm Fast,"https://img1.hscicdn.com/image/upload/f_auto,t_ds_square_w_160/lsci/db/PICTURES/CMS/321200/321239.png"
140,Martin Guptill,New Zealand,Opening Batter, 2009 - 2022,36y 140d,Right hand Bat,Right arm Offbreak,"https://img1.hscicdn.com/image/upload/f_auto,t_ds_square_w_160/lsci/db/PICTURES/CMS/316500/316591.png"
141,Matt Henry,New Zealand,Bowler, 2014 - 2023,31y 65d,Right hand Bat,Right arm Fast medium,"https://img1.hscicdn.com/image/upload/f_auto,t_ds_square_w_160/lsci/db/PICTURES/CMS/321200/321247.png"
142,Kyle Jamieson,New Zealand,Bowler, 2020 - 2022,28y 49d,Right hand Bat,Right arm Fast medium,"https://img1.hscicdn.com/image/upload/f_auto,t_ds_square_w_160/lsci/db/PICTURES/CMS/321200/321236.png"
143,Tom Latham,New Zealand,Wicketkeeper Batter, 2012 - 2023,30y 321d,Left hand Bat,Right arm Medium,"https://img1.hscicdn.com/image/upload/f_auto,t_ds_square_w_160/lsci/db/PICTURES/CMS/316600/316672.png"
144,Adam Milne,New Zealand,Bowler, 2010 - 2022,30y 310d,Right hand Bat,Right arm Fast,"https://img1.hscicdn.com/image/upload/f_auto,t_ds_square_w_160/lsci/db/PICTURES/CMS/316600/316689.png"
145,Daryl Mitchell,New Zealand,Allrounder, 2019 - 2023,31y 273d,Right hand Bat,Right arm Medium,"https://img1.hscicdn.com/image/upload/f_auto,t_ds_square_w_160/lsci/db/PICTURES/CMS/321200/321212.png"
146,James Neesham,New Zealand,Batting Allrounder, 2012 - 2022,32y 153d,Left hand Bat,Right arm Medium fast,"https://img1.hscicdn.com/image/upload/f_auto,t_ds_square_w_160/lsci/db/PICTURES/CMS/319700/319781.png"
147,Henry Nicholls,New Zealand,Top order Batter, 2015 - 2023,31y 94d,Left hand Bat,Right arm Offbreak,"https://img1.hscicdn.com/image/upload/f_auto,t_ds_square_w_160/lsci/db/PICTURES/CMS/319700/319777.png"
148,Glenn Phillips,New Zealand,Wicketkeeper Batter, 2017 - 2023,26y 73d,Right hand Bat,Right arm Offbreak,"https://img1.hscicdn.com/image/upload/f_auto,t_ds_square_w_160/lsci/db/PICTURES/CMS/321200/321223.png"
149,Mitchell Santner,New Zealand,Bowling Allrounder, 2015 - 2023,31y 12d,Left hand Bat,Slow Left arm Orthodox,"https://img1.hscicdn.com/image/upload/f_auto,t_ds_square_w_160/lsci/db/PICTURES/CMS/319700/319792.png"
150,Henry Shipley,New Zealand,Bowler, 2023 - 2023,26y 283d,Right hand Bat,Right arm Medium fast,"https://img1.hscicdn.com/image/upload/f_auto,t_ds_square_w_1040/lsci/db/PICTURES/CMS/340500/340505.png"
151,Ish Sodhi,New Zealand,Bowler, 2013 - 2023,30y 109d,Right hand Bat,Legbreak,"https://img1.hscicdn.com/image/upload/f_auto,t_ds_square_w_160/lsci/db/PICTURES/CMS/319700/319778.png"
152,Tim Southee,New Zealand,Bowler, 2008 - 2023,34y 68d,Right hand Bat,Right arm Medium fast,"https://img1.hscicdn.com/image/upload/f_auto,t_ds_square_w_160/lsci/db/PICTURES/CMS/316500/316596.png"
153,Ross Taylor,New Zealand,Middle order Batter, 2006 - 2022,38y 346d,Right hand Bat,Right arm Offbreak,"https://img1.hscicdn.com/image/upload/f_auto,t_ds_square_w_160/lsci/db/PICTURES/CMS/316500/316538.png"
154,Blair Tickner,New Zealand,Bowler, 2019 - 2023,29y 127d,Right hand Bat,Right arm Medium fast,"https://img1.hscicdn.com/image/upload/f_auto,t_ds_square_w_160/lsci/db/PICTURES/CMS/329800/329888.png"
155,Kane Williamson,New Zealand,Top order Batter, 2010 - 2023,32y 193d,Right hand Bat,Right arm Offbreak,"https://img1.hscicdn.com/image/upload/f_auto,t_ds_square_w_160/lsci/db/PICTURES/CMS/316600/316618.png"
156,Will Young,New Zealand,Top order Batter, 2019 - 2022,30y 87d,Right hand Bat,Right arm Offbreak,"https://img1.hscicdn.com/image/upload/f_auto,t_ds_square_w_160/lsci/db/PICTURES/CMS/346200/346246.png"
157,Abdullah Shafique,Pakistan,Top order Batter, 2020 - 2023,23y 89d,Right hand Bat,Right arm Offbreak,"https://img1.hscicdn.com/image/upload/f_auto,t_ds_square_w_1040/lsci/db/PICTURES/CMS/313100/313129.logo.png"
158,Agha Salman,Pakistan,Allrounder, 2022 - 2023,29y 86d,Right hand Bat,Right arm Offbreak,"https://img1.hscicdn.com/image/upload/f_auto,t_ds_square_w_160/lsci/db/PICTURES/CMS/322100/322164.png"
159,Asif Ali,Pakistan,Middle order Batter, 2018 - 2022,31y 139d,Right hand Bat,Right arm Offbreak,"https://img1.hscicdn.com/image/upload/f_auto,t_ds_square_w_160/lsci/db/PICTURES/CMS/322100/322192.png"
160,Babar Azam,Pakistan,Batter, 2015 - 2023,28y 125d,Right hand Bat,Right arm Offbreak,"https://img1.hscicdn.com/image/upload/f_auto,t_ds_square_w_160/lsci/db/PICTURES/CMS/320400/320448.png"
161,Fakhar Zaman,Pakistan,Opening Batter, 2017 - 2023,32y 313d,Left hand Bat,Slow Left arm Orthodox,"https://img1.hscicdn.com/image/upload/f_auto,t_ds_square_w_160/lsci/db/PICTURES/CMS/320400/320449.png"
162,Haris Rauf,Pakistan,Bowler, 2020 - 2023,29y 102d,Right hand Bat,Right arm Fast,"https://img1.hscicdn.com/image/upload/f_auto,t_ds_square_w_160/lsci/db/PICTURES/CMS/322200/322202.png"
163,Haris Sohail,Pakistan,Middle order Batter, 2013 - 2023,34y 39d,Left hand Bat,Slow Left arm Orthodox,"https://img1.hscicdn.com/image/upload/f_auto,t_ds_square_w_160/lsci/db/PICTURES/CMS/316600/316650.png"
164,Hasan Ali,Pakistan,Bowler, 2016 - 2023,28y 230d,Right hand Bat,Right arm Medium fast,"https://img1.hscicdn.com/image/upload/f_auto,t_ds_square_w_160/lsci/db/PICTURES/CMS/320400/320450.png"
165,Iftikhar Ahmed,Pakistan,Middle order Batter, 2015 - 2022,32y 167d,Right hand Bat,Right arm Offbreak,"https://img1.hscicdn.com/image/upload/f_auto,t_ds_square_w_160/lsci/db/PICTURES/CMS/322100/322153.png"
166,Imam-ul-Haq,Pakistan,Top order Batter, 2017 - 2023,27y 57d,Left hand Bat,,"https://img1.hscicdn.com/image/upload/f_auto,t_ds_square_w_160/lsci/db/PICTURES/CMS/322200/322209.png"
167,Kamran Ghulam,Pakistan,Allrounder, 2023 - 2023,27y 130d,Right hand Bat,Slow Left arm Orthodox,"https://img1.hscicdn.com/image/upload/f_auto,t_ds_square_w_160/lsci/db/PICTURES/CMS/331500/331574.png"
168,Khushdil Shah,Pakistan,Middle order Batter, 2019 - 2022,28y 10d,Left hand Bat,Slow Left arm Orthodox,"https://img1.hscicdn.com/image/upload/f_auto,t_ds_square_w_160/lsci/db/PICTURES/CMS/322100/322168.png"
169,Mohammad Haris,Pakistan,Middle order Batter, 2022 - 2022,21y 324d,Right hand Bat,Right arm Offbreak,"https://img1.hscicdn.com/image/upload/f_auto,t_ds_square_w_1040/lsci/db/PICTURES/CMS/313100/313129.logo.png"
170,Mohammad Hasnain,Pakistan,Bowler, 2019 - 2023,22y 318d,Right hand Bat,Right arm Fast,"https://img1.hscicdn.com/image/upload/f_auto,t_ds_square_w_160/lsci/db/PICTURES/CMS/322200/322216.png"
171,Mohammad Nawaz,Pakistan,Allrounder, 2016 - 2023,28y 333d,Left hand Bat,Slow Left arm Orthodox,"https://img1.hscicdn.com/image/upload/f_auto,t_ds_square_w_160/lsci/db/PICTURES/CMS/322200/322217.png"
172,Mohammad Rizwan,Pakistan,Wicketkeeper Batter, 2015 - 2023,30y 261d,Right hand Bat,,"https://img1.hscicdn.com/image/upload/f_auto,t_ds_square_w_160/lsci/db/PICTURES/CMS/320400/320458.png"
173,Mohammad Wasim,Pakistan,Allrounder, 2021 - 2023,21y 176d,Right hand Bat,Right arm Fast medium,"https://img1.hscicdn.com/image/upload/f_auto,t_ds_square_w_160/lsci/db/PICTURES/CMS/322100/322154.png"
174,Naseem Shah,Pakistan,Bowler, 2019 - 2023,20y 2d,Right hand Bat,Right arm Fast,"https://img1.hscicdn.com/image/upload/f_auto,t_ds_square_w_160/lsci/db/PICTURES/CMS/322200/322223.png"
175,Saud Shakeel,Pakistan,Middle order Batter, 2021 - 2023,27y 165d,Left hand Bat,Left arm Slow,"https://img1.hscicdn.com/image/upload/f_auto,t_h_100_2x/lsci/db/PICTURES/CMS/313600/313620.png"
176,Shadab Khan,Pakistan,Allrounder, 2017 - 2022,24y 136d,Right hand Bat,Legbreak,"https://img1.hscicdn.com/image/upload/f_auto,t_ds_square_w_160/lsci/db/PICTURES/CMS/320400/320467.png"
177,Shaheen Shah Afridi,Pakistan,Bowler, 2018 - 2022,22y 317d,Left hand Bat,Left arm Fast,"https://img1.hscicdn.com/image/upload/f_auto,t_ds_square_w_160/lsci/db/PICTURES/CMS/322200/322250.png"
178,Shahnawaz Dahani,Pakistan,Bowler, 2021 - 2022,24y 196d,Right hand Bat,Right arm Fast medium,"https://img1.hscicdn.com/image/upload/f_auto,t_ds_square_w_160/lsci/db/PICTURES/CMS/322100/322169.png"
179,Shan Masood,Pakistan,Opening Batter, 2013 - 2023,33y 126d,Left hand Bat,Right arm Medium fast,"https://img1.hscicdn.com/image/upload/f_auto,t_ds_square_w_160/lsci/db/PICTURES/CMS/322200/322251.png"
180,Usama Mir,Pakistan,Bowler, 2023 - 2023,27y 56d,Right hand Bat,Legbreak,"https://img1.hscicdn.com/image/upload/f_auto,t_h_100_2x/lsci/db/PICTURES/CMS/313600/313621.png"
181,Zahid Mahmood,Pakistan,Bowler, 2021 - 2022,34y 334d,Right hand Bat,Legbreak,"https://img1.hscicdn.com/image/upload/f_auto,t_ds_square_w_160/lsci/db/PICTURES/CMS/326400/326493.png"
182,Temba Bavuma,South Africa,Middle order Batter, 2014 - 2023,32y 276d,Right hand Bat,Right arm Medium,"https://img1.hscicdn.com/image/upload/f_auto,t_ds_square_w_160/lsci/db/PICTURES/CMS/320300/320389.png"
183,Quinton de Kock,South Africa,Wicketkeeper Batter, 2012 - 2023,30y 62d,Left hand Bat,,"https://img1.hscicdn.com/image/upload/f_auto,t_ds_square_w_160/lsci/db/PICTURES/CMS/316600/316668.png"
184,Bjorn Fortuin,South Africa,Bowler, 2019 - 2022,28y 119d,Right hand Bat,Slow Left arm Orthodox,"https://img1.hscicdn.com/image/upload/f_auto,t_ds_square_w_160/lsci/db/PICTURES/CMS/322400/322461.png"
185,Reeza Hendricks,South Africa,Opening Batter, 2014 - 2023,33y 187d,Right hand Bat,Right arm Offbreak,"https://img1.hscicdn.com/image/upload/f_auto,t_ds_square_w_160/lsci/db/PICTURES/CMS/322000/322071.png"
186,Marco Jansen,South Africa,Bowling Allrounder, 2021 - 2023,22y 292d,Right hand Bat,Left arm Fast,"https://img1.hscicdn.com/image/upload/f_auto,t_ds_square_w_160/lsci/db/PICTURES/CMS/337100/337189.png"
187,Heinrich Klaasen,South Africa,Wicketkeeper Batter, 2018 - 2023,31y 202d,Right hand Bat,Right arm Offbreak,"https://img1.hscicdn.com/image/upload/f_auto,t_ds_square_w_160/lsci/db/PICTURES/CMS/322000/322073.png"
188,Sisanda Magala,South Africa,Bowler, 2021 - 2023,32y 41d,Right hand Bat,Right arm Fast medium,"https://img1.hscicdn.com/image/upload/f_auto,t_ds_square_w_160/lsci/db/PICTURES/CMS/324200/324217.png"
189,Keshav Maharaj,South Africa,Bowler, 2016 - 2023,33y 10d,Right hand Bat,Slow Left arm Orthodox,"https://img1.hscicdn.com/image/upload/f_auto,t_ds_square_w_160/lsci/db/PICTURES/CMS/322000/322072.png"
190,Janneman Malan,South Africa,Top order Batter, 2019 - 2022,26y 305d,Right hand Bat,Legbreak,"https://img1.hscicdn.com/image/upload/f_auto,t_ds_square_w_160/lsci/db/PICTURES/CMS/322000/322090.png"
191,Aiden Markram,South Africa,Opening Batter, 2017 - 2023,28y 136d,Right hand Bat,Right arm Offbreak,"https://img1.hscicdn.com/image/upload/f_auto,t_ds_square_w_160/lsci/db/PICTURES/CMS/322000/322067.png"
192,David Miller,South Africa,Middle order Batter, 2010 - 2023,33y 252d,Left hand Bat,Right arm Offbreak,"https://img1.hscicdn.com/image/upload/f_auto,t_ds_square_w_160/lsci/db/PICTURES/CMS/316600/316655.png"
193,Lungi Ngidi,South Africa,Bowler, 2017 - 2023,26y 325d,Right hand Bat,Right arm Fast medium,"https://img1.hscicdn.com/image/upload/f_auto,t_ds_square_w_160/lsci/db/PICTURES/CMS/322000/322069.png"
194,Anrich Nortje,South Africa,Bowler, 2019 - 2023,29y 93d,Right hand Bat,Right arm Fast,"https://img1.hscicdn.com/image/upload/f_auto,t_ds_square_w_160/lsci/db/PICTURES/CMS/322000/322080.png"
195,Wayne Parnell,South Africa,Bowler, 2009 - 2023,33y 202d,Left hand Bat,Left arm Medium fast,"https://img1.hscicdn.com/image/upload/f_auto,t_ds_square_w_160/lsci/db/PICTURES/CMS/316600/316608.png"
196,Andile Phehlukwayo,South Africa,Bowling Allrounder, 2016 - 2022,26y 351d,Left hand Bat,Right arm Medium fast,"https://img1.hscicdn.com/image/upload/f_auto,t_ds_square_w_160/lsci/db/PICTURES/CMS/320300/320334.png"
197,Dwaine Pretorius,South Africa,Bowling Allrounder, 2016 - 2022,33y 325d,Right hand Bat,Right arm Medium fast,"https://img1.hscicdn.com/image/upload/f_auto,t_ds_square_w_160/lsci/db/PICTURES/CMS/322000/322077.png"
198,Kagiso Rabada,South Africa,Bowler, 2014 - 2023,27y 268d,Left hand Bat,Right arm Fast,"https://img1.hscicdn.com/image/upload/f_auto,t_ds_square_w_160/lsci/db/PICTURES/CMS/320300/320376.png"
199,Tabraiz Shamsi,South Africa,Bowler, 2016 - 2023,32y 364d,Right hand Bat,Left arm Wrist spin,"https://img1.hscicdn.com/image/upload/f_auto,t_ds_square_w_160/lsci/db/PICTURES/CMS/322000/322068.png"
200,Rassie van der Dussen,South Africa,Top order Batter, 2018 - 2023,34y 10d,Right hand Bat,Legbreak,"https://img1.hscicdn.com/image/upload/f_auto,t_ds_square_w_160/lsci/db/PICTURES/CMS/322000/322070.png"
201,Kyle Verreynne,South Africa,Wicketkeeper Batter, 2020 - 2023,25y 281d,Right hand Bat,Right arm Offbreak,"https://img1.hscicdn.com/image/upload/f_auto,t_ds_square_w_160/lsci/db/PICTURES/CMS/322400/322463.png"
202,Charith Asalanka,Sri Lanka,Batting Allrounder, 2021 - 2023,25y 233d,Left hand Bat,Right arm Offbreak,"https://img1.hscicdn.com/image/upload/f_auto,t_ds_square_w_160/lsci/db/PICTURES/CMS/348500/348599.png"
203,Ashen Bandara,Sri Lanka,Middle order Batter, 2021 - 2023,24y 86d,Right hand Bat,Legbreak,"https://img1.hscicdn.com/image/upload/f_auto,t_ds_square_w_160/lsci/db/PICTURES/CMS/323000/323079.png"
204,Dushmantha Chameera,Sri Lanka,Bowler, 2015 - 2022,31y 37d,Right hand Bat,Right arm Fast,"https://img1.hscicdn.com/image/upload/f_auto,t_ds_square_w_160/lsci/db/PICTURES/CMS/319800/319862.png"
205,Dinesh Chandimal,Sri Lanka,Wicketkeeper Batter, 2010 - 2022,33y 91d,Right hand Bat,Right arm Offbreak,"https://img1.hscicdn.com/image/upload/f_auto,t_ds_square_w_160/lsci/db/PICTURES/CMS/326000/326001.png"
206,Dhananjaya de Silva,Sri Lanka,Allrounder, 2015 - 2023,31y 164d,Right hand Bat,Right arm Offbreak,"https://img1.hscicdn.com/image/upload/f_auto,t_ds_square_w_160/lsci/db/PICTURES/CMS/319800/319859.png"
207,Wanindu Hasaranga de Silva,Sri Lanka,Allrounder, 2017 - 2023,25y 203d,Right hand Bat,Legbreak,"https://img1.hscicdn.com/image/upload/f_auto,t_ds_square_w_160/lsci/db/PICTURES/CMS/322900/322946.png"
208,Niroshan Dickwella,Sri Lanka,Wicketkeeper Batter, 2014 - 2022,29y 239d,Left hand Bat,,"https://img1.hscicdn.com/image/upload/f_auto,t_ds_square_w_160/lsci/db/PICTURES/CMS/319800/319881.png"
209,Asitha Fernando,Sri Lanka,Bowler, 2017 - 2022,25y 201d,Right hand Bat,Right arm Medium fast,"https://img1.hscicdn.com/image/upload/f_auto,t_ds_square_w_160/lsci/db/PICTURES/CMS/323100/323125.png"
210,Nuwanidu Fernando,Sri Lanka,Batter, 2023 - 2023,23y 127d,Right hand Bat,Right arm Offbreak,"https://img1.hscicdn.com/image/upload/f_auto,t_h_100_2x/lsci/db/PICTURES/CMS/344800/344821.gif"
211,Avishka Fernando,Sri Lanka,Opening Batter, 2016 - 2023,24y 318d,Right hand Bat,Right arm Medium fast,"https://img1.hscicdn.com/image/upload/f_auto,t_ds_square_w_160/lsci/db/PICTURES/CMS/322900/322951.png"
212,Danushka Gunathilaka,Sri Lanka,Allrounder, 2015 - 2022,31y 337d,Left hand Bat,Right arm Offbreak,"https://img1.hscicdn.com/image/upload/f_auto,t_ds_square_w_160/lsci/db/PICTURES/CMS/319800/319857.png"
213,Chamika Karunaratne,Sri Lanka,Bowling Allrounder, 2019 - 2023,26y 264d,Right hand Bat,Right arm Medium fast,"https://img1.hscicdn.com/image/upload/f_auto,t_ds_square_w_160/lsci/db/PICTURES/CMS/329900/329937.png"
214,Lahiru Kumara,Sri Lanka,Bowler, 2016 - 2023,26y 4d,Left hand Bat,Right arm Fast,"https://img1.hscicdn.com/image/upload/f_auto,t_ds_square_w_160/lsci/db/PICTURES/CMS/322900/322942.png"
215,Dhananjaya Lakshan,Sri Lanka,Batting Allrounder, 2021 - 2022,24y 135d,Left hand Bat,Right arm Medium fast,"https://img1.hscicdn.com/image/upload/f_auto,t_ds_square_w_160/lsci/db/PICTURES/CMS/326500/326530.png"
216,Dilshan Madushanka,Sri Lanka,Bowler, 2022 - 2023,22y 152d,Right hand Bat,Left arm Medium fast,"https://img1.hscicdn.com/image/upload/f_auto,t_ds_square_w_160/lsci/db/PICTURES/CMS/348600/348600.png"
217,Kusal Mendis,Sri Lanka,Wicketkeeper Batter, 2015 - 2023,28y 15d,Right hand Bat,Legbreak,"https://img1.hscicdn.com/image/upload/f_auto,t_ds_square_w_160/lsci/db/PICTURES/CMS/319800/319866.png"
218,Pathum Nissanka,Sri Lanka,Top order Batter, 2021 - 2023,24y 275d,Right hand Bat,,"https://img1.hscicdn.com/image/upload/f_auto,t_ds_square_w_160/lsci/db/PICTURES/CMS/323000/323070.png"
219,Pramod Madushan,Sri Lanka,Bowler, 2022 - 2022,29y 65d,Right hand Bat,Right arm Medium fast,"https://img1.hscicdn.com/image/upload/f_auto,t_h_100_2x/lsci/db/PICTURES/CMS/303200/303202.jpg"
220,Kasun Rajitha,Sri Lanka,Bowler, 2016 - 2023,29y 261d,Right hand Bat,Right arm Medium fast,"https://img1.hscicdn.com/image/upload/f_auto,t_ds_square_w_160/lsci/db/PICTURES/CMS/322900/322957.png"
221,Dasun Shanaka,Sri Lanka,Allrounder, 2015 - 2023,31y 161d,Right hand Bat,Right arm Medium,"https://img1.hscicdn.com/image/upload/f_auto,t_ds_square_w_160/lsci/db/PICTURES/CMS/328000/328058.png"
222,Maheesh Theekshana,Sri Lanka,Bowler, 2021 - 2023,22y 200d,Right hand Bat,Right arm Offbreak,"https://img1.hscicdn.com/image/upload/f_auto,t_ds_square_w_160/lsci/db/PICTURES/CMS/347800/347825.png"
223,Jeffrey Vandersay,Sri Lanka,Bowler, 2015 - 2023,33y 12d,Right hand Bat,Legbreak,"https://img1.hscicdn.com/image/upload/f_auto,t_ds_square_w_160/lsci/db/PICTURES/CMS/323000/323062.png"
224,Dunith Wellalage,Sri Lanka,Bowler, 2022 - 2023,20y 39d,Left hand Bat,Slow Left arm Orthodox,"https://img1.hscicdn.com/image/upload/f_auto,t_ds_square_w_160/lsci/db/PICTURES/CMS/342000/342013.gif"
225,Jermaine Blackwood,West Indies,Middle order Batter, 2014 - 2023,31y 89d,Right hand Bat,Right arm Offbreak,"https://img1.hscicdn.com/image/upload/f_auto,t_ds_square_w_160/lsci/db/PICTURES/CMS/322000/322006.png"
226,Nkrumah Bonner,West Indies,Middle order Batter, 2011 - 2022,34y 25d,Right hand Bat,Legbreak,"https://img1.hscicdn.com/image/upload/f_auto,t_ds_square_w_160/lsci/db/PICTURES/CMS/322000/322030.png"
227,Shamarh Brooks,West Indies,Top order Batter, 2019 - 2022,34y 139d,Right hand Bat,Legbreak,"https://img1.hscicdn.com/image/upload/f_auto,t_ds_square_w_160/lsci/db/PICTURES/CMS/322000/322048.png"
228,Yannic Cariah,West Indies,Bowler, 2022 - 2022,30y 240d,Left hand Bat,Legbreak,"https://img1.hscicdn.com/image/upload/f_auto,t_ds_square_w_160/lsci/db/PICTURES/CMS/351800/351855.png"
229,Keacy Carty,West Indies,Batter, 2022 - 2022,25y 335d,Right hand Bat,Right arm Medium,"https://img1.hscicdn.com/image/upload/f_auto,t_h_100_2x/lsci/db/PICTURES/CMS/203600/203699.1.jpg"
230,Jason Holder,West Indies,Bowling Allrounder, 2013 - 2023,31y 104d,Right hand Bat,Right arm Medium fast,"https://img1.hscicdn.com/image/upload/f_auto,t_ds_square_w_160/lsci/db/PICTURES/CMS/316600/316673.png"
231,Shai Hope,West Indies,Wicketkeeper Batter, 2015 - 2022,29y 99d,Right hand Bat,,"https://img1.hscicdn.com/image/upload/f_auto,t_ds_square_w_160/lsci/db/PICTURES/CMS/320100/320122.png"
232,Akeal Hosein,West Indies,Bowler, 2021 - 2022,29y 298d,Left hand Bat,Slow Left arm Orthodox,"https://img1.hscicdn.com/image/upload/f_auto,t_ds_square_w_160/lsci/db/PICTURES/CMS/321900/321939.png"
233,Alzarri Joseph,West Indies,Bowler, 2016 - 2023,26y 89d,Right hand Bat,Right arm Fast,"https://img1.hscicdn.com/image/upload/f_auto,t_ds_square_w_160/lsci/db/PICTURES/CMS/321900/321943.png"
234,Brandon King,West Indies,Top order Batter, 2019 - 2022,28y 63d,Right hand Bat,,"https://img1.hscicdn.com/image/upload/f_auto,t_ds_square_w_160/lsci/db/PICTURES/CMS/321900/321983.png"
235,Shermon Lewis,West Indies,Bowler, 2018 - 2022,27y 119d,Right hand Bat,Right arm Fast,"https://img1.hscicdn.com/image/upload/f_auto,t_ds_square_w_160/lsci/db/PICTURES/CMS/322000/322053.png"
236,Kyle Mayers,West Indies,Batting Allrounder, 2020 - 2023,30y 162d,Left hand Bat,Right arm Medium,"https://img1.hscicdn.com/image/upload/f_auto,t_ds_square_w_160/lsci/db/PICTURES/CMS/322000/322024.png"
237,Gudakesh Motie,West Indies,Bowler, 2021 - 2023,27y 325d,Left hand Bat,Slow Left arm Orthodox,"https://img1.hscicdn.com/image/upload/f_auto,t_ds_square_w_160/lsci/db/PICTURES/CMS/326100/326127.png"
238,Keemo Paul,West Indies,Allrounder, 2018 - 2022,24y 361d,Right hand Bat,Right arm Fast medium,"https://img1.hscicdn.com/image/upload/f_auto,t_ds_square_w_160/lsci/db/PICTURES/CMS/322000/322011.png"
239,Anderson Phillip,West Indies,Bowler, 2021 - 2022,26y 179d,Right hand Bat,Right arm Fast medium,"https://img1.hscicdn.com/image/upload/f_auto,t_ds_square_w_160/lsci/db/PICTURES/CMS/321900/321975.png"
240,Nicholas Pooran,West Indies,Wicketkeeper Batter, 2016 - 2022,27y 138d,Left hand Bat,Right arm Offbreak,"https://img1.hscicdn.com/image/upload/f_auto,t_ds_square_w_160/lsci/db/PICTURES/CMS/320100/320109.png"
241,Rovman Powell,West Indies,Middle order Batter, 2016 - 2022,29y 209d,Right hand Bat,Right arm Medium fast,"https://img1.hscicdn.com/image/upload/f_auto,t_ds_square_w_160/lsci/db/PICTURES/CMS/322100/322172.png"
242,Jayden Seales,West Indies,Bowler, 2021 - 2022,21y 160d,Left hand Bat,Right arm Fast medium,"https://img1.hscicdn.com/image/upload/f_auto,t_ds_square_w_160/lsci/db/PICTURES/CMS/326100/326141.png"
243,Romario Shepherd,West Indies,Bowling Allrounder, 2019 - 2022,28y 83d,Right hand Bat,Right arm Fast medium,"https://img1.hscicdn.com/image/upload/f_auto,t_ds_square_w_160/lsci/db/PICTURES/CMS/322000/322037.png"
244,Kevin Sinclair,West Indies,Bowler, 2021 - 2022,23y 86d,Right hand Bat,Right arm Offbreak,"https://img1.hscicdn.com/image/upload/f_auto,t_ds_square_w_160/lsci/db/PICTURES/CMS/322000/322017.png"
245,Hayden Walsh,West Indies,Bowler, 2019 - 2022,30y 300d,Left hand Bat,Legbreak Googly,"https://img1.hscicdn.com/image/upload/f_auto,t_ds_square_w_160/lsci/db/PICTURES/CMS/322000/322002.png"
246,Gary Ballance,Zimbabwe,Middle order Batter, 2013 - 2023,33y 87d,Left hand Bat,Legbreak,"https://img1.hscicdn.com/image/upload/f_auto,t_h_100_2x/lsci/db/PICTURES/CMS/353900/353921.1.jpg"
247,Ryan Burl,Zimbabwe,Middle order Batter, 2017 - 2023,28y 308d,Left hand Bat,Legbreak,"https://img1.hscicdn.com/image/upload/f_auto,t_ds_square_w_160/lsci/db/PICTURES/CMS/321400/321488.png"
248,Regis Chakabva,Zimbabwe,Wicketkeeper Batter, 2008 - 2022,35y 150d,Right hand Bat,Right arm Offbreak,"https://img1.hscicdn.com/image/upload/f_auto,t_ds_square_w_160/lsci/db/PICTURES/CMS/316600/316627.png"
249,Tendai Chatara,Zimbabwe,Bowler, 2010 - 2023,31y 354d,Right hand Bat,Right arm Fast medium,"https://img1.hscicdn.com/image/upload/f_auto,t_ds_square_w_160/lsci/db/PICTURES/CMS/316600/316683.png"
250,Chamu Chibhabha,Zimbabwe,Top order Batter, 2005 - 2023,36y 164d,Right hand Bat,Right arm Medium,"https://img1.hscicdn.com/image/upload/f_auto,t_ds_square_w_160/lsci/db/PICTURES/CMS/316500/316575.png"
251,Tanaka Chivanga,Zimbabwe,Bowler, 2022 - 2023,29y 208d,Right hand Bat,Right arm Fast,"https://img1.hscicdn.com/image/upload/f_auto,t_ds_square_w_1040/lsci/db/PICTURES/CMS/340500/340503.png"
252,Craig Ervine,Zimbabwe,Middle order Batter, 2010 - 2023,37y 182d,Left hand Bat,Right arm Offbreak,"https://img1.hscicdn.com/image/upload/f_auto,t_ds_square_w_160/lsci/db/PICTURES/CMS/316500/316567.png"
253,Brad Evans,Zimbabwe,Allrounder, 2022 - 2023,25y 330d,Right hand Bat,Right arm Fast,"https://img1.hscicdn.com/image/upload/f_auto,t_ds_square_w_160/lsci/db/PICTURES/CMS/348500/348596.png"
254,Luke Jongwe,Zimbabwe,Bowler, 2014 - 2023,28y 11d,Right hand Bat,Right arm Fast medium,"https://img1.hscicdn.com/image/upload/f_auto,t_ds_square_w_160/lsci/db/PICTURES/CMS/348500/348593.png"
255,Innocent Kaia,Zimbabwe,Opening Batter, 2021 - 2023,30y 191d,Right hand Bat,Legbreak,"https://img1.hscicdn.com/image/upload/f_auto,t_ds_square_w_160/lsci/db/PICTURES/CMS/348500/348592.png"
256,Takudzwanashe Kaitano,Zimbabwe,Opening Batter, 2021 - 2022,29y 247d,Right hand Bat,Right arm Offbreak,"https://img1.hscicdn.com/image/upload/f_auto,t_ds_square_w_160/lsci/db/PICTURES/CMS/348500/348589.png"
257,Clive Madande,Zimbabwe,Wicketkeeper Batter, 2022 - 2023,22y 311d,Right hand Bat,,"https://img1.hscicdn.com/image/upload/f_auto,t_ds_square_w_160/lsci/db/PICTURES/CMS/348500/348595.png"
258,Wessly Madhevere,Zimbabwe,Allrounder, 2020 - 2023,22y 166d,Right hand Bat,Right arm Offbreak,"https://img1.hscicdn.com/image/upload/f_auto,t_ds_square_w_160/lsci/db/PICTURES/CMS/326500/326552.png"
259,Tadiwanashe Marumani,Zimbabwe,Top order Batter, 2021 - 2023,21y 46d,Left hand Bat,Right arm Offbreak,"https://img1.hscicdn.com/image/upload/f_auto,t_ds_square_w_160/lsci/db/PICTURES/CMS/348500/348591.png"
260,Wellington Masakadza,Zimbabwe,Bowler, 2015 - 2023,29y 136d,Left hand Bat,Slow Left arm Orthodox,"https://img1.hscicdn.com/image/upload/f_auto,t_ds_square_w_160/lsci/db/PICTURES/CMS/321400/321492.png"
261,Brandon Mavuta,Zimbabwe,Allrounder, 2018 - 2023,25y 350d,Right hand Bat,Legbreak,"https://img1.hscicdn.com/image/upload/f_auto,t_h_100_2x/lsci/db/PICTURES/CMS/354000/354051.1.png"
262,Tony Munyonga,Zimbabwe,Allrounder, 2019 - 2023,24y 17d,Right hand Bat,Right arm Offbreak,"https://img1.hscicdn.com/image/upload/f_auto,t_ds_square_w_160/lsci/db/PICTURES/CMS/348500/348594.png"
263,Tarisai Musakanda,Zimbabwe,Top order Batter, 2016 - 2022,28y 109d,Right hand Bat,"Right arm Medium, Right arm Slow medium","https://img1.hscicdn.com/image/upload/f_auto,t_h_100_2x/lsci/db/PICTURES/CMS/179700/179733.1.jpg"
264,Blessing Muzarabani,Zimbabwe,Bowler, 2017 - 2022,26y 138d,Right hand Bat,Right arm Fast medium,"https://img1.hscicdn.com/image/upload/f_auto,t_ds_square_w_160/lsci/db/PICTURES/CMS/321400/321471.png"
265,Dion Myers,Zimbabwe,Top order Batter, 2021 - 2022,20y 333d,Right hand Bat,Right arm Medium,"https://img1.hscicdn.com/image/upload/f_auto,t_ds_square_w_160/lsci/db/PICTURES/CMS/326500/326531.png"
266,Richard Ngarava,Zimbabwe,Bowler, 2017 - 2023,25y 51d,Left hand Bat,Left arm Fast medium,"https://img1.hscicdn.com/image/upload/f_auto,t_ds_square_w_160/lsci/db/PICTURES/CMS/348500/348597.png"
267,Victor Nyauchi,Zimbabwe,Bowler, 2020 - 2023,30y 224d,Right hand Bat,Right arm Fast medium,"https://img1.hscicdn.com/image/upload/f_auto,t_ds_square_w_160/lsci/db/PICTURES/CMS/348500/348590.png"
268,Milton Shumba,Zimbabwe,Top order Batter, 2020 - 2023,22y 121d,Left hand Bat,Slow Left arm Orthodox,"https://img1.hscicdn.com/image/upload/f_auto,t_h_100_2x/lsci/db/PICTURES/CMS/354000/354052.1.png"
269,Sikandar Raza,Zimbabwe,Batting Allrounder, 2013 - 2023,36y 299d,Right hand Bat,Right arm Offbreak,"https://img1.hscicdn.com/image/upload/f_auto,t_ds_square_w_160/lsci/db/PICTURES/CMS/316600/316632.png"
270,Donald Tiripano,Zimbabwe,Bowler, 2014 - 2023,34y 337d,Right hand Bat,Right arm Fast medium,"https://img1.hscicdn.com/image/upload/f_auto,t_ds_square_w_160/lsci/db/PICTURES/CMS/320300/320312.png"
271,Sean Williams,Zimbabwe,Middle order Batter, 2005 - 2023,36y 144d,Left hand Bat,Slow Left arm Orthodox,"https://img1.hscicdn.com/image/upload/f_auto,t_ds_square_w_160/lsci/db/PICTURES/CMS/316500/316568.png"
