Player Name,Team Name,Playing Role,Batting Style,Batting Position,Runs_Scored,Batting Average,Strike_rate,Total_hundreds,Total_fifties,Bowling Style,Runs_Conceded,Total_Wickets_Taken,Economy,Bowling Strike Rate,Bowling Average
AB de Villiers,South Africa,Wicketkeeper Batter,Right hand Bat,4,6343,63.43,109.93,20,33,Right arm Medium,180,7,6.0,25.71,25.71
Aamer Yamin,Pakistan,Allrounder,Right hand Bat,8,95,95.0,98.96,0,1,Right arm Medium,154,2,5.9,78.0,77.0
Aaron Finch,Australia,Top order Batter,Right hand Bat,2,4527,41.15,89.86,15,24,Slow Left arm Orthodox,239,4,5.5,66.5,59.75
Aaron Phangiso,South Africa,Bowler,Right hand Bat,9,81,7.36,50.0,0,0,Slow Left arm Orthodox,829,26,4.6,41.58,31.88
Aaron Redmond,New Zealand,Top order Batter,Right hand Bat,3,16,16.0,53.33,0,0,Legbreak,0,0,0.0,0.0,0.0
Abdul Razzaq,Pakistan,Allrounder,Right hand Bat,8,490,30.62,97.03,1,1,Right arm Fast medium,659,15,4.7,55.87,43.93
Abdullah Mazari,Afghanistan,Bowler,Left hand Bat,9,3,3.0,18.75,0,0,Slow Left arm Orthodox,49,2,3.1,48.0,24.5
Abdur Razzak,Bangladesh,Bowler,Left hand Bat,9,292,12.17,89.85,0,1,Slow Left arm Orthodox,2635,74,4.8,44.76,35.61
Abdur Rehman,Pakistan,Bowler,Left hand Bat,8,83,8.3,62.41,0,0,Slow Left arm Orthodox,705,18,4.1,57.22,39.17
Abhimanyu Mithun,India,Bowler,Right hand Bat,10,51,17.0,92.73,0,0,Right arm Medium,203,3,6.8,60.0,67.67
Abid Ali,Pakistan,Opening Batter,Right hand Bat,2,191,47.75,97.45,1,1,Legbreak,0,0,0.0,0.0,0.0
Abu Hider,Bangladesh,Bowler,Right hand Bat,10,1,1.0,9.09,0,0,Left arm Fast medium,89,3,4.9,36.0,29.67
Abul Hasan,Bangladesh,Bowler,Left hand Bat,8,11,3.67,68.75,0,0,Right arm Medium fast,244,0,6.8,0.0,0.0
Adam Milne,New Zealand,Bowler,Right hand Bat,9,157,17.44,99.37,0,0,Right arm Fast,1514,38,5.3,44.89,39.84
Adam Voges,Australia,Top order Batter,Right hand Bat,5,617,51.42,86.41,1,2,Slow Left arm Orthodox,131,4,4.7,42.0,32.75
Adam Zampa,Australia,Bowler,Right hand Bat,10,100,6.67,62.89,0,0,Legbreak Googly,2350,63,5.8,38.92,37.3
Adil Rashid,England,Bowler,Right hand Bat,9,528,18.86,101.54,0,1,Legbreak,4293,140,5.6,32.72,30.66
Adnan Akmal,Pakistan,Wicketkeeper Batter,Right hand Bat,8,62,20.67,69.66,0,0,,0,0,0.0,0.0,0.0
Adrian Barath,West Indies,Opening Batter,Right hand Bat,2,281,21.62,58.18,0,1,Right arm Offbreak,0,0,0.0,0.0,0.0
Afsar Zazai,Afghanistan,Wicketkeeper Batter,Right hand Bat,5,264,17.6,54.1,0,2,,0,0,0.0,0.0,0.0
Aftab Ahmed,Bangladesh,Opening Batter,Right hand Bat,3,80,16.0,72.73,0,0,Right arm Medium,0,0,0.0,0.0,0.0
Aftab Alam,Afghanistan,Bowler,Right hand Bat,10,80,11.43,74.77,0,0,Right arm Medium fast,1033,41,5.0,30.56,25.2
Ahmed Shehzad,Pakistan,Opening Batter,Right hand Bat,2,2474,32.55,72.83,6,14,Legbreak,140,2,7.5,57.5,70.0
Aiden Markram,South Africa,Opening Batter,Right hand Bat,3,638,29.0,85.64,0,2,Right arm Offbreak,132,3,6.6,40.0,44.0
Aizaz Cheema,Pakistan,Bowler,Right hand Bat,11,26,8.67,57.78,0,0,Right arm Medium fast,593,23,5.4,28.61,25.78
Ajantha Mendis,Sri Lanka,Bowler,Right hand Bat,10,99,8.25,77.95,0,0,Right arm Offbreak,1988,80,5.2,28.69,24.85
Ajinkya Rahane,India,Top order Batter,Right hand Bat,2,2829,34.93,79.09,3,23,Right arm Medium,0,0,0.0,0.0,0.0
Ajmal Shahzad,England,Bowler,Right hand Bat,10,39,6.5,65.0,0,0,Right arm Fast medium,490,17,5.0,34.59,28.82
Akila Dananjaya,Sri Lanka,Allrounder,Left hand Bat,8,283,12.86,68.86,0,1,"Right arm Offbreak, Legbreak",1476,50,5.1,34.86,29.52
Al-Amin Hossain,Bangladesh,Bowler,Right hand Bat,11,4,2.0,20.0,0,0,Right arm Medium fast,500,19,5.3,29.84,26.32
Alastair Cook,England,Opening Batter,Left hand Bat,1,2488,38.88,80.28,4,16,Right arm Slow,0,0,0.0,0.0,0.0
Albert van der Merwe,Ireland,Bowler,Right hand Bat,10,15,3.75,60.0,0,0,Right arm Offbreak,323,11,4.5,39.27,29.36
Albie Morkel,South Africa,Bowling Allrounder,Left hand Bat,6,163,20.38,92.61,0,0,Right arm Medium fast,329,3,6.5,101.67,109.67
Alex Carey,Australia,Wicketkeeper Batter,Left hand Bat,6,804,40.2,91.99,0,4,,0,0,0.0,0.0,0.0
Alex Cusack,Ireland,Bowler,Right hand Bat,6,501,21.78,63.42,0,2,Right arm Medium fast,1065,42,4.7,32.33,25.36
Alex Hales,England,Opening Batter,Right hand Bat,2,2409,38.24,95.63,6,14,Right arm Medium,0,0,0.0,0.0,0.0
Alok Kapali,Bangladesh,Allrounder,Right hand Bat,7,65,16.25,56.03,0,0,Legbreak,61,0,4.4,0.0,0.0
Alviro Petersen,South Africa,Batter,Right hand Bat,3,162,14.73,71.05,0,0,Right arm Offbreak,0,0,0.0,0.0,0.0
Alzarri Joseph,West Indies,Bowler,Right hand Bat,10,105,26.25,83.33,0,0,Right arm Fast,1054,29,6.4,33.97,36.34
Ambati Rayudu,India,Middle order Batter,Right hand Bat,4,1670,49.12,79.03,3,10,Right arm Offbreak,124,3,6.2,40.33,41.33
Amila Aponso,Sri Lanka,Bowler,Right hand Bat,11,10,3.33,22.22,0,0,Slow Left arm Orthodox,377,10,5.4,42.3,37.7
Amir Hamza,Afghanistan,Bowling Allrounder,Right hand Bat,10,23,3.29,24.47,0,0,Slow Left arm Orthodox,1016,40,3.9,38.7,25.4
Amit Mishra,India,Bowler,Right hand Bat,9,43,5.38,52.44,0,0,Legbreak,1332,57,4.8,29.53,23.37
Anamul Haque,Bangladesh,Wicketkeeper Batter,Right hand Bat,2,1052,30.06,70.7,3,3,,0,0,0.0,0.0,0.0
Andile Phehlukwayo,South Africa,Bowling Allrounder,Left hand Bat,8,549,32.29,90.0,0,1,Right arm Medium fast,1936,65,5.6,31.83,29.78
Andre Botha,Ireland,Allrounder,Left hand Bat,4,99,14.14,61.88,0,0,Right arm Medium,210,5,5.1,49.2,42.0
Andre Fletcher,West Indies,Top order Batter,Right hand Bat,2,156,10.4,56.32,0,0,"Right arm Medium fast, Legbreak",26,0,5.9,0.0,0.0
Andre Russell,West Indies,Allrounder,Right hand Bat,8,1034,27.21,130.23,0,4,Right arm Fast,2229,70,5.9,32.66,31.84
Andrew Ellis,New Zealand,Allrounder,Right hand Bat,8,154,14.0,83.7,0,0,Right arm Fast medium,403,10,5.3,45.6,40.3
Andrew Mathieson,New Zealand,Bowler,Right hand Bat,11,0,0.0,0.0,0,0,Right arm Medium,40,1,10.0,24.0,40.0
Andrew Poynter,Ireland,Batter,Right hand Bat,5,225,20.45,64.47,0,2,Right arm Offbreak,0,0,0.0,0.0,0.0
Andrew Strauss,England,,,1,1319,47.11,93.28,3,9,,0,0,0.0,0.0,0.0
Andrew Tye,Australia,Bowler,Right hand Bat,9,57,14.25,118.75,0,0,Right arm Medium fast,392,12,6.1,32.25,32.67
Andrew White,Ireland,Allrounder,Right hand Bat,7,355,17.75,62.39,0,1,Right arm Offbreak,270,11,4.5,33.27,24.55
Andy Balbirnie,Ireland,Batter,Right hand Bat,4,1808,32.29,75.52,5,8,Right arm Offbreak,68,2,6.8,30.0,34.0
Andy Blignaut,Zimbabwe,Allrounder,Left hand Bat,7,1,1.0,33.33,0,0,Right arm Medium fast,42,1,3.2,78.0,42.0
Andy McBrine,Ireland,Bowler,Left hand Bat,8,259,16.19,72.75,0,1,Right arm Offbreak,1446,40,4.4,49.78,36.15
Andy McKay,New Zealand,Bowler,Right hand Bat,11,12,4.0,25.53,0,0,Left arm Fast medium,800,27,5.2,34.3,29.63
Angelo Mathews,Sri Lanka,Allrounder,Right hand Bat,5,5307,44.22,83.48,3,35,Right arm Medium,3269,95,4.6,44.88,34.41
Angelo Perera,Sri Lanka,Allrounder,Right hand Bat,6,52,13.0,62.65,0,0,Slow Left arm Orthodox,33,0,5.5,0.0,0.0
Anrich Nortje,South Africa,Bowler,Right hand Bat,9,8,8.0,44.44,0,0,Right arm Fast,150,8,4.8,23.62,18.75
Anthony Martin,West Indies,Bowler,Right hand Bat,11,10,10.0,34.48,0,0,Legbreak,296,11,4.0,40.36,26.91
Anton Devcich,New Zealand,Opening Batter,Left hand Bat,3,195,19.5,78.0,0,1,Slow Left arm Orthodox,258,2,5.9,132.0,129.0
Anwar Ali,Pakistan,Bowler,Right hand Bat,8,283,25.73,82.27,0,0,Right arm Medium fast,923,18,6.1,50.83,51.28
Arafat Sunny,Bangladesh,Bowler,Left hand Bat,9,48,12.0,52.17,0,0,Slow Left arm Orthodox,600,24,4.4,34.42,25.0
Asad Ali,Pakistan,Bowler,Right hand Bat,10,13,6.5,81.25,0,0,Right arm Medium fast,115,2,3.8,90.0,57.5
Asad Shafiq,Pakistan,Middle order Batter,Right hand Bat,4,1315,24.81,67.99,0,9,Right arm Offbreak,18,0,9.0,0.0,0.0
Asela Gunaratne,Sri Lanka,Batter,Right hand Bat,6,536,26.8,77.01,1,1,Right arm Medium fast,723,22,5.2,37.91,32.86
Asghar Afghan,Afghanistan,Middle order Batter,Right hand Bat,5,2266,24.63,67.72,1,12,Right arm Medium fast,91,3,4.0,46.33,30.33
Ashan Priyanjan,Sri Lanka,Allrounder,Right hand Bat,6,420,23.33,80.46,0,2,Right arm Offbreak,233,5,5.3,53.0,46.6
Ashish Nehra,India,Bowler,Right hand Bat,10,39,4.33,42.86,0,0,Left arm Medium fast,1189,34,5.8,36.06,34.97
Ashley Nurse,West Indies,Bowler,Right hand Bat,8,476,18.31,98.35,0,0,Right arm Offbreak,2072,49,5.4,46.86,42.29
Ashok Dinda,India,Bowler,Right hand Bat,10,21,4.2,58.33,0,0,Right arm Medium fast,612,12,6.3,49.17,51.0
Ashton Agar,Australia,Bowler,Left hand Bat,7,144,20.57,86.75,0,0,Slow Left arm Orthodox,414,8,5.8,54.0,51.75
Ashton Turner,Australia,Middle order Batter,Right hand Bat,6,125,62.5,145.35,0,1,Right arm Offbreak,0,0,0.0,0.0,0.0
Asif Ali,Pakistan,Middle order Batter,Right hand Bat,6,352,29.33,128.47,0,3,Right arm Offbreak,9,0,18.0,0.0,0.0
Avishka Fernando,Sri Lanka,Opening Batter,Right hand Bat,2,447,29.8,96.34,1,2,Right arm Medium fast,0,0,0.0,0.0,0.0
Axar Patel,India,Bowling Allrounder,Left hand Bat,8,180,13.85,96.26,0,0,Slow Left arm Orthodox,1409,45,4.4,42.31,31.31
Azhar Ali,Pakistan,,,2,1792,37.33,74.51,3,12,,260,4,6.0,64.5,65.0
BJ Watling,New Zealand,Wicketkeeper Batter,Right hand Bat,3,573,24.91,68.38,0,5,,0,0,0.0,0.0,0.0
Babar Azam,Pakistan,Batter,Right hand Bat,3,3197,54.19,86.95,11,13,Right arm Offbreak,0,0,0.0,0.0,0.0
Barry McCarthy,Ireland,Bowler,Right hand Bat,9,110,7.86,54.73,0,0,Right arm Fast medium,1317,50,5.9,26.98,26.34
Ben Cutting,Australia,Allrounder,Right hand Bat,9,53,26.5,79.1,0,0,Right arm Fast medium,158,5,4.4,43.2,31.6
Ben Duckett,England,Top order Batter,Left hand Bat,3,123,41.0,80.92,0,2,Right arm Offbreak,0,0,0.0,0.0,0.0
Ben Foakes,England,Wicketkeeper Batter,Right hand Bat,6,61,inf,80.26,0,1,,0,0,0.0,0.0,0.0
Ben Hilfenhaus,Australia,Bowler,Right hand Bat,11,0,0.0,0.0,0,0,Right arm Fast medium,343,11,4.8,38.73,31.18
Ben Stokes,England,,,5,2682,40.64,93.94,3,20,,2907,70,6.0,41.34,41.53
Ben Wheeler,New Zealand,Bowler,Right hand Bat,9,58,inf,123.4,0,0,Left arm Medium fast,315,8,6.1,38.62,39.38
Beuran Hendricks,South Africa,Bowler,Left hand Bat,10,2,inf,25.0,0,0,Left arm Fast medium,106,1,5.0,126.0,106.0
Bhuvneshwar Kumar,India,Bowler,Right hand Bat,9,526,14.22,74.82,0,1,Right arm Medium,4557,132,5.1,41.02,34.52
Bilal Asif,Pakistan,Allrounder,Right hand Bat,2,40,13.33,81.63,0,0,Right arm Offbreak,96,5,4.4,26.4,19.2
Bilawal Bhatti,Pakistan,Bowler,Right hand Bat,8,89,14.83,118.67,0,0,Right arm Medium fast,439,6,6.4,68.0,73.17
Billy Stanlake,Australia,Bowler,Left hand Bat,11,4,1.33,14.29,0,0,Right arm Fast,324,7,5.5,50.57,46.29
Blessing Muzarabani,Zimbabwe,Bowler,Right hand Bat,11,16,2.0,17.98,0,0,Right arm Fast medium,686,14,5.7,51.86,49.0
Boyd Rankin,England,,,11,5,5.0,100.0,0,0,,241,10,4.5,31.9,24.1
Brad Haddin,Australia,Wicketkeeper Batter,Right hand Bat,5,1629,31.33,85.33,1,7,,0,0,0.0,0.0,0.0
Brandon King,West Indies,Top order Batter,Right hand Bat,4,39,39.0,69.64,0,0,,0,0,0.0,0.0,0.0
Brandon Mavuta,Zimbabwe,Allrounder,Right hand Bat,9,52,13.0,110.64,0,0,Legbreak,266,7,5.8,39.43,38.0
Brendan Taylor,Zimbabwe,Wicketkeeper Batter,Right hand Bat,3,3774,39.73,84.02,9,21,Right arm Offbreak,182,1,5.9,186.0,182.0
Brendon McCullum,New Zealand,Wicketkeeper Batter,Right hand Bat,3,2668,31.76,109.66,3,16,"Right arm Medium, Right arm Offbreak",0,0,0.0,0.0,0.0
Brett Lee,Australia,Bowler,Right hand Bat,9,279,25.36,95.55,0,1,Right arm Fast,1384,53,5.0,31.15,26.11
Brian Chari,Zimbabwe,Opening Batter,Right hand Bat,2,139,13.9,45.28,0,0,Right arm Offbreak,0,0,0.0,0.0,0.0
Brian Vitori,Zimbabwe,Bowler,Left hand Bat,11,86,7.82,95.56,0,0,Left arm Fast medium,1118,30,5.9,37.87,37.27
Callum Ferguson,Australia,Middle order Batter,Right hand Bat,4,64,21.33,87.67,0,0,Right arm Medium,0,0,0.0,0.0,0.0
Cameron White,Australia,Middle order Batter,Right hand Bat,5,1137,35.53,78.36,1,6,Legbreak Googly,6,0,6.0,0.0,0.0
Carl Mumba,Zimbabwe,Bowler,Right hand Bat,10,3,3.0,42.86,0,0,Right arm Fast medium,67,0,6.6,0.0,0.0
Carlos Brathwaite,West Indies,Allrounder,Right hand Bat,8,545,16.52,90.23,1,1,Right arm Fast medium,1729,43,5.8,41.6,40.21
Carlton Baugh,West Indies,Wicketkeeper,Right hand Bat,7,259,28.78,65.74,0,0,Legbreak Googly,0,0,0.0,0.0,0.0
Cephas Zhuwao,Zimbabwe,Batter,Left hand Bat,2,138,17.25,123.21,0,0,Slow Left arm Orthodox,6,0,60.0,0.0,0.0
Chadwick Walton,West Indies,Top order Batter,Right hand Bat,2,53,8.83,63.86,0,0,,0,0,0.0,0.0,0.0
Chamara Kapugedera,Sri Lanka,Middle order Batter,Right hand Bat,6,400,19.05,67.11,0,2,Right arm Medium,22,0,5.5,0.0,0.0
Chamara Silva,Sri Lanka,Batter,Right hand Bat,6,222,20.18,69.59,0,2,Legbreak,12,0,4.0,0.0,0.0
Chaminda Bandara,Sri Lanka,,,11,1,inf,33.33,0,0,,83,1,8.3,60.0,83.0
Chamu Chibhabha,Zimbabwe,Top order Batter,Right hand Bat,2,1308,25.65,67.25,0,9,Right arm Medium,651,15,4.6,56.73,43.4
Chandrapaul Hemraj,West Indies,Opening Batter,Left hand Bat,2,82,13.67,83.67,0,0,Slow Left arm Orthodox,9,0,8.2,0.0,0.0
Charl Langeveldt,South Africa,Bowler,Right hand Bat,11,26,13.0,130.0,0,0,Right arm Fast medium,489,13,6.0,37.85,37.62
Charles Coventry,Zimbabwe,Top order Batter,Right hand Bat,5,202,18.36,77.99,0,1,Legbreak,0,0,0.0,0.0,0.0
Chaturanga de Silva,Sri Lanka,Allrounder,Left hand Bat,7,94,15.67,83.93,0,0,Slow Left arm Orthodox,256,5,4.9,63.2,51.2
Cheteshwar Pujara,India,Top order Batter,Right hand Bat,2,24,6.0,35.82,0,0,Legbreak,0,0,0.0,0.0,0.0
Chris Gayle,West Indies,Allrounder,Left hand Bat,1,3033,34.47,100.73,6,15,Right arm Offbreak,742,14,5.0,63.36,53.0
Chris Jordan,England,Bowler,Right hand Bat,9,169,12.07,89.89,0,0,Right arm Fast medium,1472,42,6.0,35.05,35.05
Chris Lynn,Australia,Batter,Right hand Bat,3,75,18.75,84.27,0,0,Slow Left arm Orthodox,0,0,0.0,0.0,0.0
Chris Morris,South Africa,Bowling Allrounder,Right hand Bat,7,467,20.3,100.43,0,1,Right arm Fast medium,1756,48,5.6,39.38,36.58
Chris Mpofu,Zimbabwe,Bowler,Right hand Bat,11,25,2.5,31.65,0,0,Right arm Fast medium,1939,49,5.6,42.8,39.57
Chris Tremain,Australia,Bowler,Right hand Bat,10,23,23.0,62.16,0,0,Right arm Medium fast,255,7,6.4,34.29,36.43
Chris Tremlett,England,Bowler,Right hand Bat,11,12,4.0,50.0,0,0,Right arm Medium fast,286,6,5.7,50.83,47.67
Chris Woakes,England,Allrounder,Right hand Bat,8,1186,24.71,90.12,0,4,Right arm Fast medium,4274,139,5.7,32.63,30.75
Christiaan Jonker,South Africa,Middle order Batter,Right hand Bat,6,31,15.5,93.94,0,0,Right arm Medium fast,0,0,0.0,0.0,0.0
Clint McKay,Australia,Bowler,Right hand Bat,10,179,8.95,56.11,0,0,Right arm Fast medium,2202,92,4.8,29.95,23.93
Colin Ingram,South Africa,Top order Batter,Left hand Bat,3,843,32.42,82.32,3,3,Legbreak,17,0,17.0,0.0,0.0
Colin Munro,New Zealand,Opening Batter,Left hand Bat,3,1271,25.42,104.87,0,8,Right arm Medium fast,466,7,5.2,76.29,66.57
Colin de Grandhomme,New Zealand,Allrounder,Right hand Bat,7,633,27.52,107.29,0,3,Right arm Medium fast,1012,23,4.9,54.26,44.0
Corey Anderson,New Zealand,Batting Allrounder,Left hand Bat,6,1101,28.23,108.47,1,4,Left arm Medium fast,1459,59,6.1,24.49,24.73
Craig Ervine,Zimbabwe,Middle order Batter,Left hand Bat,4,2548,32.25,75.47,3,15,Right arm Offbreak,0,0,0.0,0.0,0.0
Craig Kieswetter,England,Opening Batter,Right hand Bat,3,1048,30.82,90.89,1,5,Right arm Offbreak,0,0,0.0,0.0,0.0
Craig Young,Ireland,Bowler,Right hand Bat,10,20,5.0,62.5,0,0,Right arm Fast medium,563,27,5.2,24.33,20.85
D'Arcy Short,Australia,Opening Batter,Left hand Bat,3,83,27.67,83.84,0,0,Left arm Wrist spin,59,0,8.4,0.0,0.0
Dale Richards,West Indies,Batter,Right hand Bat,2,157,39.25,75.85,0,2,Right arm Medium,0,0,0.0,0.0,0.0
Dale Steyn,South Africa,Bowler,Right hand Bat,9,316,9.58,63.45,0,1,Right arm Fast,3596,145,4.7,31.38,24.8
Dan Christian,Australia,Allrounder,Right hand Bat,7,273,21.0,88.93,0,0,Right arm Fast medium,595,20,4.9,36.35,29.75
Daniel Flynn,New Zealand,Middle order Batter,Left hand Bat,4,61,15.25,89.71,0,0,Left arm Slow,19,0,6.3,0.0,0.0
Daniel Vettori,New Zealand,Allrounder,Left hand Bat,7,538,21.52,90.88,0,1,Slow Left arm Orthodox,1531,49,4.0,46.76,31.24
Daniel Worrall,Australia,Bowler,Right hand Bat,10,6,inf,150.0,0,0,Right arm Fast medium,171,1,6.5,158.0,171.0
Danushka Gunathilaka,Sri Lanka,Allrounder,Left hand Bat,2,1239,36.44,85.98,2,8,Right arm Offbreak,296,6,5.8,51.0,49.33
Danza Hyatt,West Indies,Allrounder,Right hand Bat,4,112,14.0,59.57,0,0,Right arm Medium,0,0,0.0,0.0,0.0
Daren Sammy,West Indies,Allrounder,Right hand Bat,8,1499,25.84,103.17,0,8,Right arm Medium,2897,63,4.7,58.76,45.98
Darren Bravo,West Indies,Top order Batter,Left hand Bat,4,2791,30.67,69.91,3,18,Right arm Medium,0,0,0.0,0.0,0.0
Daryl Tuffey,New Zealand,Bowler,Right hand Bat,9,135,16.88,120.54,0,0,Right arm Fast medium,447,13,6.0,34.62,34.38
Dasun Shanaka,Sri Lanka,Allrounder,Right hand Bat,6,466,27.41,117.68,0,3,Right arm Medium,269,10,6.0,27.0,26.9
David Bernard,West Indies,,,6,18,18.0,69.23,0,0,,141,4,4.4,48.0,35.25
David Hussey,Australia,Allrounder,Right hand Bat,6,1197,36.27,92.43,0,10,Right arm Offbreak,468,15,5.2,36.33,31.2
David Miller,South Africa,Middle order Batter,Left hand Bat,6,2985,38.27,99.8,5,11,Right arm Offbreak,0,0,0.0,0.0,0.0
David Warner,Australia,Opening Batter,Left hand Bat,2,4766,47.19,96.24,17,18,Legbreak,8,0,8.0,0.0,0.0
David Wiese,South Africa,,,6,102,20.4,88.7,0,0,,316,9,6.4,32.67,35.11
David Willey,England,Bowling Allrounder,Left hand Bat,9,279,18.6,82.3,0,1,Left arm Fast medium,1817,50,5.8,37.72,36.34
Dawid Malan,England,Top order Batter,Left hand Bat,2,24,24.0,80.0,0,0,Legbreak,0,0,0.0,0.0,0.0
Dawlat Zadran,Afghanistan,Bowler,Right hand Bat,10,503,17.34,80.22,0,0,Right arm Fast medium,3397,114,5.5,32.59,29.8
Dean Brownlie,New Zealand,Middle order Batter,Right hand Bat,3,361,25.79,74.28,0,1,Right arm Medium,0,0,0.0,0.0,0.0
Dean Elgar,South Africa,Opening Batter,Left hand Bat,4,104,17.33,58.76,0,0,Slow Left arm Orthodox,67,2,4.2,48.0,33.5
Deepak Chahar,India,Bowler,Right hand Bat,8,18,18.0,81.82,0,0,Right arm Medium,129,2,6.1,63.0,64.5
Denesh Ramdin,West Indies,Wicketkeeper Batter,Right hand Bat,6,1460,28.63,79.83,2,6,,0,0,0.0,0.0,0.0
Devendra Bishoo,West Indies,Bowler,Left hand Bat,10,164,10.93,62.36,0,0,Legbreak,1629,37,5.0,53.03,44.03
Devon Smith,West Indies,Opening Batter,Left hand Bat,2,378,25.2,71.59,1,2,Right arm Offbreak,17,0,6.8,0.0,0.0
Devon Thomas,West Indies,Top order Batter,Right hand Bat,7,209,12.29,62.95,0,0,Right arm Medium,0,0,0.0,0.0,0.0
Dhammika Prasad,Sri Lanka,Bowler,Right hand Bat,10,112,37.33,116.67,0,0,Right arm Fast medium,729,27,5.7,28.26,27.0
Dhananjaya de Silva,Sri Lanka,Allrounder,Right hand Bat,5,814,25.44,75.86,0,4,Right arm Offbreak,895,22,5.3,46.41,40.68
Dhawal Kulkarni,India,Bowler,Right hand Bat,10,27,inf,96.43,0,0,Right arm Medium,508,19,5.1,31.47,26.74
Dilhara Fernando,Sri Lanka,Bowler,Right hand Bat,11,8,2.67,34.78,0,0,Right arm Fast medium,568,18,5.2,36.61,31.56
Dilhara Lokuhettige,Sri Lanka,,,8,6,6.0,27.27,0,0,,40,0,5.0,0.0,0.0
Dilruwan Perera,Sri Lanka,Allrounder,Right hand Bat,9,99,14.14,86.84,0,0,Right arm Offbreak,381,12,5.5,34.5,31.75
Dilshan Munaweera,Sri Lanka,Opening Batter,Right hand Bat,2,15,7.5,51.72,0,0,Right arm Offbreak,0,0,0.0,0.0,0.0
Dimuth Karunaratne,Sri Lanka,Opening Batter,Left hand Bat,3,586,27.9,73.25,0,4,Right arm Medium,18,0,7.5,0.0,0.0
Dinesh Chandimal,Sri Lanka,Wicketkeeper Batter,Right hand Bat,4,3504,32.44,74.02,4,21,Right arm Offbreak,0,0,0.0,0.0,0.0
Dinesh Karthik,India,Wicketkeeper Batter,Right hand Bat,4,1151,31.97,72.48,0,6,Right arm Offbreak,0,0,0.0,0.0,0.0
Donald Tiripano,Zimbabwe,Bowler,Right hand Bat,9,271,16.94,57.91,0,0,Right arm Fast medium,1122,28,5.5,43.57,40.07
Doug Bollinger,Australia,Bowler,Left hand Bat,10,50,10.0,94.34,0,0,Left arm Fast medium,1205,48,4.7,32.25,25.1
Doug Bracewell,New Zealand,Bowler,Right hand Bat,8,158,15.8,73.83,0,1,Right arm Fast medium,798,23,5.1,40.48,34.7
Dushmantha Chameera,Sri Lanka,Bowler,Right hand Bat,10,93,13.29,62.0,0,0,Right arm Fast,764,18,5.2,48.72,42.44
Dwaine Pretorius,South Africa,Bowling Allrounder,Right hand Bat,7,135,15.0,93.1,0,1,Right arm Medium fast,813,29,4.8,35.21,28.03
Dwayne Bravo,West Indies,Allrounder,Right hand Bat,6,1457,26.98,83.5,1,6,Right arm Medium,2492,85,5.6,31.42,29.32
Dwayne Smith,West Indies,Allrounder,Right hand Bat,3,769,24.81,85.07,0,6,Right arm Medium,427,9,6.4,44.56,47.44
Ed Joyce,Ireland,Top order Batter,Left hand Bat,3,2128,41.73,73.97,5,12,Right arm Medium,0,0,0.0,0.0,0.0
Ed Rainsford,Zimbabwe,Bowler,Right hand Bat,10,15,15.0,93.75,0,0,Right arm Fast medium,115,10,4.6,15.0,11.5
Eddie Richardson,Ireland,Bowler,Right hand Bat,8,12,12.0,66.67,0,0,Right arm Medium,54,2,4.9,33.0,27.0
Ehsan Adil,Pakistan,Bowler,Right hand Bat,10,27,9.0,64.29,0,0,Right arm Fast medium,223,4,6.0,56.0,55.75
Elias Sunny,Bangladesh,Bowler,Left hand Bat,9,2,1.0,18.18,0,0,Slow Left arm Orthodox,161,5,4.7,40.8,32.2
Elton Chigumbura,Zimbabwe,Allrounder,Right hand Bat,6,2247,26.44,76.32,2,7,Right arm Fast medium,1577,28,6.0,56.57,56.32
Eoin Morgan,England,Middle order Batter,Left hand Bat,5,6222,40.14,94.86,12,38,Right arm Medium,0,0,0.0,0.0,0.0
Evin Lewis,West Indies,Opening Batter,Left hand Bat,2,1335,31.05,81.8,2,7,,0,0,0.0,0.0,0.0
Fabian Allen,West Indies,Bowling Allrounder,Right hand Bat,8,89,12.71,88.12,0,1,Slow Left arm Orthodox,360,4,6.0,90.0,90.0
Faf du Plessis,South Africa,Middle order Batter,Right hand Bat,4,5507,46.67,88.71,12,35,Legbreak,189,2,5.9,96.0,94.5
Faheem Ashraf,Pakistan,Bowling Allrounder,Left hand Bat,7,157,13.08,81.35,0,0,Right arm Medium,727,20,5.0,44.2,36.35
Faisal Hossain,Bangladesh,,,8,8,inf,88.89,0,0,,53,1,4.4,73.0,53.0
Faiz Fazal,India,Opening Batter,Left hand Bat,2,55,inf,90.16,0,1,Right arm Medium,0,0,0.0,0.0,0.0
Fakhar Zaman,Pakistan,Opening Batter,Left hand Bat,2,1890,47.25,96.04,4,12,Slow Left arm Orthodox,111,1,5.1,135.0,111.0
Fareed Ahmad,Afghanistan,Bowler,Left hand Bat,11,1,inf,16.67,0,0,Left arm Fast medium,143,5,5.7,30.0,28.6
Farhaan Behardien,South Africa,Batting Allrounder,Right hand Bat,6,1074,30.69,97.9,0,6,Right arm Fast medium,719,14,5.8,53.43,51.36
Farhad Reza,Bangladesh,Allrounder,Right hand Bat,8,22,11.0,62.86,0,0,Right arm Fast medium,2,0,1.0,0.0,0.0
Farveez Maharoof,Sri Lanka,Allrounder,Right hand Bat,8,131,14.56,90.34,0,0,Right arm Fast medium,792,19,5.6,44.84,41.68
Fawad Ahmed,Australia,Bowler,Right hand Bat,11,4,inf,200.0,0,0,Legbreak Googly,145,3,6.0,48.0,48.33
Fawad Alam,Pakistan,Top order Batter,Left hand Bat,5,756,39.79,74.7,1,5,Slow Left arm Orthodox,45,1,7.5,36.0,45.0
Fazle Mahmud,Bangladesh,Allrounder,Left hand Bat,3,0,0.0,0.0,0,0,Slow Left arm Orthodox,16,0,5.3,0.0,0.0
Forster Mutizwa,Zimbabwe,Wicketkeeper Batter,Right hand Bat,6,140,23.33,60.87,0,1,Right arm Offbreak,0,0,0.0,0.0,0.0
Gareth Hopkins,New Zealand,Wicketkeeper Batter,Right hand Bat,7,180,20.0,81.82,0,0,,0,0,0.0,0.0,0.0
Gary Ballance,England,,,4,297,21.21,67.04,0,2,,0,0,0.0,0.0,0.0
Gary Wilson,Ireland,Wicketkeeper Batter,Right hand Bat,6,1779,24.71,73.36,1,10,,0,0,0.0,0.0,0.0
Gautam Gambhir,India,Top order Batter,Left hand Bat,2,2157,41.48,85.66,4,15,Legbreak,0,0,0.0,0.0,0.0
George Bailey,Australia,Top order Batter,Right hand Bat,5,2869,39.85,83.86,3,20,Right arm Medium,0,0,0.0,0.0,0.0
George Dockrell,Ireland,Allrounder,Right hand Bat,9,579,16.54,69.34,0,2,Slow Left arm Orthodox,3252,86,4.7,48.07,37.81
George Worker,New Zealand,Batting Allrounder,Left hand Bat,2,254,31.75,70.56,0,3,Slow Left arm Orthodox,5,0,5.0,0.0,0.0
Glenn Maxwell,Australia,Batting Allrounder,Right hand Bat,5,2756,31.32,123.42,1,18,Right arm Offbreak,2516,50,5.6,53.76,50.32
Graeme Cremer,Zimbabwe,Bowler,Right hand Bat,8,649,14.75,61.52,0,1,Legbreak Googly,2792,86,4.6,41.92,32.47
Graeme McCarter,Ireland,Bowler,Right hand Bat,11,1,inf,100.0,0,0,Right arm Medium,38,0,4.8,0.0,0.0
Graeme Smith,South Africa,Opening Batter,Left hand Bat,2,1376,29.28,72.69,2,6,Right arm Offbreak,0,0,0.0,0.0,0.0
Graeme Swann,England,,,9,273,14.37,107.48,0,0,,1975,73,4.5,36.23,27.05
Grant Elliott,New Zealand,Allrounder,Right hand Bat,5,1366,31.05,84.63,1,8,Right arm Medium,803,22,5.7,38.36,36.5
Grant Flower,Zimbabwe,Allrounder,Right hand Bat,5,35,17.5,76.09,0,0,Slow Left arm Orthodox,38,0,5.4,0.0,0.0
Greg Lamb,Zimbabwe,Allrounder,Right hand Bat,6,197,17.91,51.71,0,0,Right arm Offbreak,467,12,4.4,53.5,38.92
Gulbadin Naib,Afghanistan,Batting Allrounder,Right hand Bat,6,1024,22.26,73.67,0,5,Right arm Medium fast,1940,57,5.4,37.89,34.04
Gurkeerat Singh Mann,India,Middle order Batter,Right hand Bat,6,13,6.5,100.0,0,0,Right arm Offbreak,68,0,6.8,0.0,0.0
Hamid Hassan,Afghanistan,Bowler,Right hand Bat,10,107,6.69,55.44,0,0,Right arm Fast,1191,53,4.5,29.77,22.47
Hamilton Masakadza,Zimbabwe,Top order Batter,Right hand Bat,2,3328,27.06,71.59,2,20,Right arm Medium,801,16,5.1,59.44,50.06
Hamish Bennett,New Zealand,Bowler,Left hand Bat,11,10,5.0,28.57,0,0,Right arm Medium fast,621,27,5.2,26.59,23.0
Hamish Rutherford,New Zealand,Opening Batter,Left hand Bat,2,15,3.75,26.79,0,0,Slow Left arm Orthodox,0,0,0.0,0.0,0.0
Hammad Azam,Pakistan,Middle order Batter,Right hand Bat,6,76,19.0,63.87,0,0,Right arm Medium,169,2,5.1,99.0,84.5
Harbhajan Singh,India,Bowler,Right hand Bat,8,188,14.46,74.31,0,0,Right arm Offbreak,1277,36,4.4,47.83,35.47
Hardik Pandya,India,Allrounder,Right hand Bat,6,957,29.91,115.58,0,4,Right arm Medium fast,2195,54,5.6,43.78,40.65
Haris Sohail,Pakistan,Middle order Batter,Left hand Bat,4,1540,45.29,84.57,2,12,Slow Left arm Orthodox,613,11,5.7,58.36,55.73
Harry Gurney,England,Bowler,Right hand Bat,11,15,7.5,45.45,0,0,Left arm Fast medium,432,11,5.7,41.36,39.27
Hasan Ali,Pakistan,Bowler,Right hand Bat,9,278,14.63,113.93,0,2,Right arm Medium fast,2381,82,5.6,30.93,29.04
Hashim Amla,South Africa,Top order Batter,Right hand Bat,1,7234,50.59,89.22,26,33,"Right arm Medium, Right arm Offbreak",0,0,0.0,0.0,0.0
Hashmatullah Shahidi,Afghanistan,Top order Batter,Left hand Bat,4,1010,31.56,63.56,0,8,Right arm Offbreak,25,0,8.3,0.0,0.0
Hazratullah Zazai,Afghanistan,Opening Batter,Left hand Bat,1,294,19.6,80.33,0,1,Slow Left arm Orthodox,0,0,0.0,0.0,0.0
Heinrich Klaasen,South Africa,Wicketkeeper Batter,Right hand Bat,5,251,22.82,86.25,0,1,Right arm Offbreak,0,0,0.0,0.0,0.0
Henry Davids,South Africa,Top order Batter,Right hand Bat,3,7,7.0,38.89,0,0,Right arm Medium fast,0,0,0.0,0.0,0.0
Henry Nicholls,New Zealand,Top order Batter,Left hand Bat,5,1101,33.36,82.66,1,9,Right arm Offbreak,0,0,0.0,0.0,0.0
Herschelle Gibbs,South Africa,Opening Batter,Right hand Bat,2,34,17.0,70.83,0,0,Right arm Bowler,0,0,0.0,0.0,0.0
Hilton Cartwright,Australia,Middle order Batter,Right hand Bat,2,2,1.0,8.7,0,0,Right arm Medium,0,0,0.0,0.0,0.0
Hussain Talat,Pakistan,Allrounder,Left hand Bat,7,2,2.0,14.29,0,0,Right arm Medium fast,16,0,8.0,0.0,0.0
Ian Bell,England,Top order Batter,Right hand Bat,3,2905,39.79,81.4,3,20,Right arm Medium,0,0,0.0,0.0,0.0
Ian Butler,New Zealand,Bowler,Right hand Bat,9,13,inf,61.9,0,0,Right arm Fast,101,3,5.6,36.0,33.67
Ian Nicolson,Zimbabwe,Bowler,Right hand Bat,11,14,7.0,63.64,0,0,Right arm Fast medium,118,2,9.8,36.0,59.0
Ibrahim Zadran,Afghanistan,Opening Batter,Right hand Bat,2,2,2.0,22.22,0,0,Right arm Medium fast,0,0,0.0,0.0,0.0
Iftikhar Ahmed,Pakistan,Middle order Batter,Right hand Bat,6,68,34.0,93.15,0,0,Right arm Offbreak,101,1,4.4,138.0,101.0
Iftikhar Anjum,Pakistan,Bowler,Right hand Bat,10,21,10.5,65.62,0,0,Right arm Medium,103,1,5.4,116.0,103.0
Ihsanullah,Afghanistan,Top order Batter,Right hand Bat,2,306,23.54,71.0,0,3,,0,0,0.0,0.0,0.0
Ikram Alikhil,Afghanistan,Wicketkeeper Batter,Left hand Bat,6,229,25.44,60.9,0,2,,0,0,0.0,0.0,0.0
Imad Wasim,Pakistan,Allrounder,Left hand Bat,7,952,41.39,109.68,0,5,Slow Left arm Orthodox,1865,42,4.8,55.07,44.4
Imam-ul-Haq,Pakistan,Top order Batter,Left hand Bat,1,1681,50.94,81.09,7,6,,0,0,0.0,0.0,0.0
Imran Farhat,Pakistan,Top order Batter,Left hand Bat,2,745,31.04,67.12,0,7,Legbreak,21,1,4.2,30.0,21.0
Imran Tahir,South Africa,Bowler,Right hand Bat,11,157,7.48,69.78,0,0,Legbreak Googly,4297,173,4.7,31.96,24.84
Imrul Kayes,Bangladesh,Opening Batter,Left hand Bat,2,2401,33.35,72.1,4,16,Slow Left arm Orthodox,0,0,0.0,0.0,0.0
Irfan Pathan,India,Allrounder,Left hand Bat,8,176,29.33,97.78,0,0,Left arm Medium fast,596,21,5.4,31.48,28.38
Ish Sodhi,New Zealand,Bowler,Right hand Bat,10,67,6.09,76.14,0,0,Legbreak,1379,39,5.6,38.21,35.36
Ishant Sharma,India,Bowler,Right hand Bat,11,36,4.0,30.51,0,0,Right arm Fast medium,1703,55,5.7,32.56,30.96
Isuru Udana,Sri Lanka,Allrounder,Right hand Bat,9,171,17.1,94.48,0,1,Left arm Medium fast,631,12,5.9,53.25,52.58
Izatullah Dawlatzai,Afghanistan,,,11,7,3.5,25.93,0,0,,146,8,4.2,26.25,18.25
Jacob Mulder,Ireland,Bowler,Right hand Bat,10,15,inf,136.36,0,0,Legbreak,155,5,5.0,37.2,31.0
Jacob Oram,New Zealand,Allrounder,Left hand Bat,7,340,22.67,124.09,0,2,Right arm Fast medium,832,37,4.5,30.16,22.49
Jacques Kallis,South Africa,Allrounder,Right hand Bat,3,1170,36.56,81.7,1,12,Right arm Fast medium,718,25,5.1,34.08,28.72
Jade Dernbach,England,Bowler,Right hand Bat,11,19,2.71,48.72,0,0,Right arm Fast medium,1246,30,6.4,39.2,41.53
Jahurul Islam,Bangladesh,Middle order Batter,Right hand Bat,4,270,22.5,72.78,0,1,Right arm Offbreak,0,0,0.0,0.0,0.0
Jake Ball,England,Bowler,Right hand Bat,11,38,9.5,77.55,0,0,Right arm Fast medium,980,21,6.2,45.1,46.67
James Anderson,England,Bowler,Left hand Bat,11,126,11.45,68.85,0,0,Right arm Fast medium,3000,107,4.9,34.37,28.04
James Cameron-Dow,Ireland,,,9,7,inf,70.0,0,0,,115,5,4.3,32.4,23.0
James Faulkner,Australia,Bowling Allrounder,Right hand Bat,8,1003,34.59,105.69,1,4,Left arm Fast medium,2950,96,5.6,33.01,30.73
James Franklin,New Zealand,Allrounder,Left hand Bat,6,699,30.39,77.41,0,4,Left arm Medium,800,15,5.7,56.0,53.33
James Hall,Ireland,Opening Batter,Right hand Bat,2,28,9.33,37.33,0,0,Right arm Offbreak,0,0,0.0,0.0,0.0
James Hopes,Australia,Allrounder,Right hand Bat,7,296,29.6,109.23,0,1,Right arm Medium,590,13,5.0,54.08,45.38
James McCollum,Ireland,Opening Batter,Right hand Bat,2,165,20.62,68.75,0,2,Right arm Medium,0,0,0.0,0.0,0.0
James Neesham,New Zealand,Batting Allrounder,Left hand Bat,6,1241,31.82,99.28,0,6,Right arm Medium fast,1795,58,6.1,30.21,30.95
James Pattinson,Australia,Bowler,Left hand Bat,10,42,10.5,52.5,0,0,Right arm Fast medium,681,16,5.6,45.44,42.56
James Shannon,Ireland,Middle order Batter,Right hand Bat,7,2,2.0,25.0,0,0,Right arm Offbreak,0,0,0.0,0.0,0.0
James Taylor,England,Bowler,Right hand Bat,4,887,42.24,80.13,1,7,Right arm Fast medium,0,0,0.0,0.0,0.0
James Tredwell,England,Allrounder,Left hand Bat,9,163,11.64,67.36,0,0,Right arm Offbreak,1666,60,4.8,35.07,27.77
James Vince,England,Batter,Right hand Bat,1,265,24.09,88.63,0,1,Right arm Medium,0,0,0.0,0.0,0.0
Jamie How,New Zealand,Top order Batter,Right hand Bat,3,116,12.89,47.35,0,0,"Right arm Medium, Right arm Offbreak",0,0,0.0,0.0,0.0
Jason Behrendorff,Australia,Bowler,Right hand Bat,10,19,9.5,126.67,0,0,Left arm Fast medium,517,16,5.3,36.94,32.31
Jason Holder,West Indies,Bowling Allrounder,Right hand Bat,7,1798,26.06,94.28,0,9,Right arm Medium fast,4687,132,5.5,38.48,35.51
Jason Krejza,Australia,Bowler,Right hand Bat,9,13,13.0,56.52,0,0,Right arm Offbreak,297,7,4.7,54.0,42.43
Jason Mohammed,West Indies,Middle order Batter,Right hand Bat,5,551,23.96,69.31,0,4,Right arm Offbreak,131,0,5.4,0.0,0.0
Jason Roy,England,Opening Batter,Right hand Bat,1,3352,42.97,107.64,9,18,,0,0,0.0,0.0,0.0
Jasprit Bumrah,India,Bowler,Right hand Bat,11,19,3.8,44.19,0,0,Right arm Fast,2254,103,4.5,29.14,21.88
Javed Ahmadi,Afghanistan,Top order Batter,Right hand Bat,2,915,23.46,77.74,0,7,Right arm Offbreak,319,9,4.8,44.22,35.44
Jayant Yadav,India,Bowler,Right hand Bat,8,1,inf,100.0,0,0,Right arm Offbreak,8,1,2.0,24.0,8.0
Jean-Paul Duminy,South Africa,Batting Allrounder,Left hand Bat,5,3824,37.49,85.66,3,21,Right arm Offbreak,2619,53,5.5,53.89,49.42
Jeetan Patel,New Zealand,Bowler,Right hand Bat,10,7,7.0,58.33,0,0,Right arm Offbreak,178,7,5.1,30.0,25.43
Jeevan Mendis,Sri Lanka,Allrounder,Left hand Bat,7,636,19.27,83.14,0,1,Legbreak,1204,28,5.2,50.14,43.0
Jeffrey Vandersay,Sri Lanka,Bowler,Right hand Bat,9,71,11.83,42.77,0,0,Legbreak,465,11,5.8,44.09,42.27
Jehan Mubarak,Sri Lanka,Allrounder,Left hand Bat,7,8,8.0,53.33,0,0,Right arm Offbreak,19,0,6.3,0.0,0.0
Jermaine Blackwood,West Indies,Middle order Batter,Right hand Bat,3,11,5.5,47.83,0,0,Right arm Offbreak,16,0,5.3,0.0,0.0
Jerome Taylor,West Indies,Bowler,Right hand Bat,10,80,6.15,77.67,0,0,Right arm Fast,1328,36,6.3,35.03,36.89
Jesse Ryder,New Zealand,Allrounder,Left hand Bat,3,725,31.52,97.18,2,3,Right arm Medium,130,4,5.3,37.75,32.5
Jhye Richardson,Australia,Bowler,Right hand Bat,9,68,13.6,80.95,0,0,Right arm Fast,632,24,5.9,27.0,26.33
Joe Burns,Australia,Batter,Right hand Bat,1,146,24.33,79.35,0,1,"Right arm Medium, Right arm Offbreak",0,0,0.0,0.0,0.0
Joe Denly,England,Top order Batter,Right hand Bat,6,25,12.5,65.79,0,0,Legbreak,60,1,5.5,66.0,60.0
Joe Mennie,Australia,Bowler,Right hand Bat,8,1,0.5,25.0,0,0,Right arm Fast medium,131,3,6.6,40.0,43.67
Joe Root,England,Top order Batter,Right hand Bat,3,5808,51.4,87.55,16,33,"Right arm Offbreak, Legbreak",1354,22,5.8,63.73,61.55
Jofra Archer,England,Bowler,Right hand Bat,10,13,3.25,59.09,0,0,Right arm Fast,563,22,4.8,32.41,25.59
Johan Botha,South Africa,Allrounder,Right hand Bat,7,312,20.8,88.14,0,0,Right arm Offbreak,1125,26,4.8,54.73,43.27
John Anderson,Ireland,Batter,Right hand Bat,3,151,18.88,56.55,0,0,Right arm Offbreak,20,0,4.0,0.0,0.0
John Campbell,West Indies,Opening Batter,Left hand Bat,2,248,49.6,115.89,1,0,Right arm Offbreak,13,0,13.0,0.0,0.0
John Hastings,Australia,Allrounder,Right hand Bat,8,271,27.1,99.27,0,1,Right arm Fast medium,1187,40,5.0,35.7,29.68
John Mooney,Ireland,Allrounder,Left hand Bat,7,787,23.15,82.15,0,3,Right arm Medium,1348,43,5.2,36.26,31.35
John Nyumbu,Zimbabwe,Bowler,Right hand Bat,10,46,4.6,51.69,0,0,Right arm Offbreak,738,17,5.3,49.65,43.41
Johnson Charles,West Indies,Wicketkeeper Batter,Right hand Bat,2,1283,26.73,83.8,2,4,,12,0,24.0,0.0,0.0
Jonathan Carter,West Indies,Batting Allrounder,Left hand Bat,6,581,23.24,70.68,0,3,Right arm Medium,155,4,7.3,32.0,38.75
Jonathan Trott,England,Top order Batter,Right hand Bat,3,2629,50.56,77.6,4,20,Right arm Medium,123,2,6.1,61.5,61.5
Jonny Bairstow,England,Wicketkeeper Batter,Right hand Bat,3,2827,47.92,104.01,9,11,Right arm Medium,0,0,0.0,0.0,0.0
Jos Buttler,England,,,6,3843,40.88,119.83,9,20,,0,0,0.0,0.0,0.0
Josh Hazlewood,Australia,Bowler,Left hand Bat,11,37,18.5,64.91,0,0,Right arm Fast medium,1688,65,4.8,32.77,25.97
Josh Little,Ireland,Bowler,Right hand Bat,10,9,4.5,112.5,0,0,Left arm Fast medium,262,5,7.3,43.2,52.4
Jubair Hossain,Bangladesh,Bowler,Right hand Bat,10,5,5.0,55.56,0,0,Legbreak,114,4,6.0,28.5,28.5
Junaid Khan,Pakistan,Bowler,Right hand Bat,11,63,4.5,50.4,0,0,Left arm Fast,3193,110,5.4,32.54,29.03
Junaid Siddique,Bangladesh,Top order Batter,Left hand Bat,3,708,29.5,74.45,1,4,Right arm Offbreak,147,8,5.2,21.38,18.38
Junior Dala,South Africa,Bowler,Right hand Bat,10,8,8.0,133.33,0,0,Right arm Medium,121,1,7.1,102.0,121.0
Justin Ontong,South Africa,Allrounder,Right hand Bat,6,17,inf,89.47,0,0,Right arm Offbreak,0,0,0.0,0.0,0.0
KL Rahul,India,Wicketkeeper Batter,Right hand Bat,2,889,42.33,80.97,3,5,,0,0,0.0,0.0,0.0
Kagiso Rabada,South Africa,Bowler,Left hand Bat,9,259,16.19,77.78,0,0,Right arm Fast,3199,117,5.0,32.8,27.34
Kamindu Mendis,Sri Lanka,Allrounder,Left hand Bat,6,17,17.0,44.74,0,0,"Right arm Offbreak, Slow Left arm Orthodox",79,1,5.6,84.0,79.0
Kamran Akmal,Pakistan,Wicketkeeper Batter,Right hand Bat,3,1016,24.78,81.28,0,6,,0,0,0.0,0.0,0.0
Kane Richardson,Australia,Bowler,Right hand Bat,10,51,10.2,91.07,0,0,Right arm Fast medium,1061,34,5.6,33.5,31.21
Kane Williamson,New Zealand,Top order Batter,Right hand Bat,3,6002,47.26,81.68,12,39,Right arm Offbreak,1237,36,5.4,38.08,34.36
Karim Janat,Afghanistan,Bowling Allrounder,Right hand Bat,6,9,9.0,27.27,0,0,Right arm Medium,31,0,7.8,0.0,0.0
Karim Sadiq,Afghanistan,Opening Batter,Right hand Bat,3,455,23.95,80.53,2,0,Right arm Offbreak,201,6,3.8,53.33,33.5
Karun Nair,India,Top order Batter,Right hand Bat,2,46,23.0,52.27,0,0,Right arm Offbreak,0,0,0.0,0.0,0.0
Kasun Rajitha,Sri Lanka,Bowler,Right hand Bat,10,0,0.0,0.0,0,0,Right arm Medium fast,379,9,6.5,39.22,42.11
Kedar Jadhav,India,Batting Allrounder,Right hand Bat,6,1354,42.31,102.19,2,6,Right arm Offbreak,1020,27,5.2,43.96,37.78
Keegan Meth,Zimbabwe,Allrounder,Right hand Bat,9,33,5.5,63.46,0,0,Right arm Medium fast,323,5,6.5,59.6,64.6
Keemo Paul,West Indies,Allrounder,Right hand Bat,9,161,23.0,83.85,0,0,Right arm Fast medium,708,19,6.2,36.42,37.26
Keith Dabengwa,Zimbabwe,Allrounder,Left hand Bat,6,81,16.2,61.83,0,0,Slow Left arm Orthodox,146,2,5.2,84.0,73.0
Kemar Roach,West Indies,Bowler,Right hand Bat,10,291,16.17,53.59,0,0,Right arm Fast medium,3389,108,5.0,37.34,31.38
Keshav Maharaj,South Africa,Bowler,Right hand Bat,9,25,12.5,96.15,0,0,Slow Left arm Orthodox,166,6,5.3,31.17,27.67
Kesrick Williams,West Indies,Bowler,Right hand Bat,11,19,19.0,70.37,0,0,Right arm Fast medium,293,9,5.4,36.67,32.56
Kevin O'Brien,Ireland,Batting Allrounder,Right hand Bat,5,2606,30.66,93.3,1,14,Right arm Medium fast,2903,95,5.2,35.25,30.56
Kevin Pietersen,England,Top order Batter,Right hand Bat,3,1255,33.03,85.67,2,5,Right arm Offbreak,169,2,5.5,93.0,84.5
Khaleel Ahmed,India,Bowler,Right hand Bat,11,9,4.5,52.94,0,0,Left arm Medium,438,15,5.7,30.8,29.2
Khalid Latif,Pakistan,Top order Batter,Right hand Bat,2,0,0.0,0.0,0,0,Right arm Offbreak,0,0,0.0,0.0,0.0
Khaliq Dad,Afghanistan,Bowler,Right hand Bat,9,40,20.0,58.82,0,0,Right arm Fast medium,125,7,3.5,30.86,17.86
Khary Pierre,West Indies,Allrounder,Left hand Bat,10,21,21.0,116.67,0,0,Slow Left arm Orthodox,108,0,6.8,0.0,0.0
Khaya Zondo,South Africa,Batter,Right hand Bat,5,142,35.5,63.39,0,1,Right arm Offbreak,0,0,0.0,0.0,0.0
Kieran Powell,West Indies,Opening Batter,Left hand Bat,2,1000,23.81,79.24,0,9,"Right arm Medium, Right arm Offbreak",0,0,0.0,0.0,0.0
Kieron Pollard,West Indies,Batting Allrounder,Right hand Bat,6,2247,28.81,94.93,3,10,Right arm Medium,1663,39,5.9,43.62,42.64
Kirk Edwards,West Indies,Batter,Right hand Bat,3,331,23.64,67.0,1,0,Right arm Offbreak,0,0,0.0,0.0,0.0
Kithuruwan Vithanage,Sri Lanka,Middle order Batter,Left hand Bat,6,75,15.0,83.33,0,0,Legbreak,17,0,8.5,0.0,0.0
Kosala Kulasekara,Sri Lanka,Allrounder,Right hand Bat,7,38,12.67,52.78,0,0,Right arm Fast medium,80,0,6.2,0.0,0.0
Kraigg Brathwaite,West Indies,Opening Batter,Right hand Bat,2,278,27.8,57.56,0,1,Right arm Offbreak,140,1,5.6,152.0,140.0
Kuldeep Yadav,India,Bowler,Left hand Bat,9,101,12.62,58.38,0,0,Left arm Wrist spin,2452,98,5.0,30.0,25.02
Kumar Sangakkara,Sri Lanka,Wicketkeeper Batter,Left hand Bat,3,6091,52.51,84.97,15,39,Right arm Offbreak,0,0,0.0,0.0,0.0
Kusal Mendis,Sri Lanka,Wicketkeeper Batter,Right hand Bat,4,1818,27.55,82.86,0,15,Legbreak,28,0,8.8,0.0,0.0
Kusal Perera,Sri Lanka,Wicketkeeper Batter,Left hand Bat,2,2712,30.82,93.55,5,14,,0,0,0.0,0.0,0.0
Kyle Abbott,South Africa,Bowler,Right hand Bat,9,76,8.44,60.32,0,0,Right arm Fast medium,1051,34,4.9,38.32,30.91
Kyle Hope,West Indies,Middle order Batter,Right hand Bat,2,138,23.0,71.88,0,0,Right arm Offbreak,0,0,0.0,0.0,0.0
Kyle Jarvis,Zimbabwe,Bowler,Right hand Bat,10,203,10.15,70.73,0,0,Right arm Fast medium,1666,48,5.1,40.52,34.71
Kyle Mills,New Zealand,Bowler,Right hand Bat,9,458,15.79,92.71,0,1,Right arm Fast medium,2101,75,4.8,34.85,28.01
Lahiru Gamage,Sri Lanka,Bowler,Right hand Bat,11,4,2.0,14.81,0,0,Right arm Fast medium,392,9,5.9,44.67,43.56
Lahiru Kumara,Sri Lanka,Bowler,Left hand Bat,10,17,5.67,37.78,0,0,Right arm Fast,623,13,6.9,41.85,47.92
Lahiru Madushanka,Sri Lanka,Allrounder,Right hand Bat,8,14,4.67,53.85,0,0,Right arm Fast medium,172,4,7.2,36.0,43.0
Lahiru Thirimanne,Sri Lanka,Top order Batter,Left hand Bat,4,3175,35.28,72.19,4,21,Right arm Medium fast,94,3,5.5,34.67,31.33
Lakshan Sandakan,Sri Lanka,Bowler,Right hand Bat,10,31,3.88,35.23,0,0,Left arm Wrist spin,1031,17,6.5,56.47,60.65
Lasith Malinga,Sri Lanka,Bowler,Right hand Bat,10,443,7.03,82.5,0,1,Right arm Fast,6991,241,5.5,31.6,29.01
Lendl Simmons,West Indies,Top order Batter,Right hand Bat,3,1710,34.2,75.97,2,14,Right arm Medium fast,163,1,6.5,150.0,163.0
Leon Johnson,West Indies,Middle order Batter,Left hand Bat,3,19,6.33,31.15,0,0,Legbreak,0,0,0.0,0.0,0.0
Liam Dawson,England,Allrounder,Right hand Bat,8,14,7.0,82.35,0,0,Slow Left arm Orthodox,96,3,6.9,28.0,32.0
Liam Plunkett,England,Bowler,Right hand Bat,9,351,20.65,124.03,0,0,Right arm Fast,2677,94,5.8,29.34,28.48
Liam Roche,Zimbabwe,Middle order Batter,Right hand Bat,8,4,2.0,40.0,0,0,Right arm Offbreak,157,2,6.8,69.0,78.5
Litton Das,Bangladesh,Wicketkeeper Batter,Right hand Bat,2,768,24.77,88.17,1,3,Right arm Offbreak,0,0,0.0,0.0,0.0
Lockie Ferguson,New Zealand,Bowler,Right hand Bat,10,62,7.75,49.6,0,0,Right arm Fast,1674,62,5.5,29.71,27.0
Lonwabo Tsotsobe,South Africa,Bowler,Right hand Bat,11,55,6.88,50.93,0,0,Left arm Fast medium,2215,88,4.7,31.83,25.17
Loots Bosman,South Africa,Opening Batter,Right hand Bat,1,97,48.5,140.58,0,1,Right arm Medium,0,0,0.0,0.0,0.0
Lorcan Tucker,Ireland,Wicketkeeper Batter,Right hand Bat,5,94,23.5,91.26,0,1,,0,0,0.0,0.0,0.0
Luke Jongwe,Zimbabwe,Bowler,Right hand Bat,8,236,14.75,77.89,0,0,Right arm Fast medium,759,25,5.3,34.52,30.36
Luke Ronchi,New Zealand,Wicketkeeper Batter,Right hand Bat,6,1242,22.58,110.6,1,2,,0,0,0.0,0.0,0.0
Luke Woodcock,New Zealand,Allrounder,Left hand Bat,9,14,14.0,63.64,0,0,Slow Left arm Orthodox,155,3,5.7,54.67,51.67
Luke Wright,England,Top order Batter,Right hand Bat,6,279,17.44,71.91,0,0,Right arm Medium,416,5,5.0,100.8,83.2
Lungi Ngidi,South Africa,Bowler,Right hand Bat,11,47,15.67,71.21,0,0,Right arm Fast medium,947,41,5.6,25.02,23.1
MS Dhoni,India,Wicketkeeper Batter,Right hand Bat,6,5598,50.43,85.74,4,39,Right arm Medium,17,0,4.2,0.0,0.0
Mahela Jayawardene,Sri Lanka,Batter,Right hand Bat,3,4016,36.84,83.95,8,25,Right arm Medium,5,1,3.3,11.0,5.0
Mahmudullah,Bangladesh,Allrounder,Right hand Bat,6,3380,35.21,78.6,3,19,Right arm Offbreak,2441,54,5.2,52.09,45.2
Malcolm Waller,Zimbabwe,Batter,Right hand Bat,6,1070,19.81,78.27,0,4,Right arm Offbreak,457,10,4.8,57.0,45.7
Malinda Pushpakumara,Sri Lanka,Allrounder,Right hand Bat,9,11,5.5,42.31,0,0,Slow Left arm Orthodox,105,1,5.5,114.0,105.0
Manish Pandey,India,Top order Batter,Right hand Bat,5,440,36.67,91.86,1,2,Right arm Medium,0,0,0.0,0.0,0.0
Manoj Tiwary,India,Batter,Right hand Bat,4,283,28.3,74.28,1,1,Legbreak Googly,150,5,6.8,26.4,30.0
Marcus Stoinis,Australia,Batting Allrounder,Right hand Bat,5,1050,33.87,91.86,1,6,Right arm Medium,1446,33,6.2,42.73,43.82
Mark Adair,Ireland,Bowling Allrounder,Right hand Bat,8,117,19.5,115.84,0,0,Right arm Fast medium,509,15,6.3,32.27,33.93
Mark Boucher,South Africa,Wicketkeeper Batter,Right hand Bat,7,47,9.4,58.02,0,0,Right arm Medium,0,0,0.0,0.0,0.0
Mark Wood,England,Bowler,Right hand Bat,11,56,8.0,88.89,0,0,Right arm Fast,2360,60,5.5,42.58,39.33
Marlon Samuels,West Indies,Top order Batter,Right hand Bat,4,3076,35.77,74.77,8,12,Right arm Offbreak,1662,32,5.0,62.88,51.94
Martin Guptill,New Zealand,Opening Batter,Right hand Bat,1,5761,42.05,87.83,15,28,Right arm Offbreak,73,4,5.0,22.75,18.25
Mashrafe Mortaza,Bangladesh,Bowler,Right hand Bat,9,740,12.13,92.38,0,0,Right arm Fast medium,4624,129,5.2,41.5,35.84
Matt Henry,New Zealand,Bowler,Right hand Bat,10,211,15.07,100.0,0,0,Right arm Fast medium,2344,89,5.4,29.11,26.34
Matt Prior,England,Wicketkeeper Batter,Right hand Bat,4,288,24.0,84.71,0,1,,0,0,0.0,0.0,0.0
Matthew Wade,Australia,Wicketkeeper Batter,Left hand Bat,6,1717,25.63,83.59,1,10,Right arm Medium,0,0,0.0,0.0,0.0
Max Sorensen,Ireland,Bowler,Right hand Bat,9,125,20.83,80.65,0,0,Right arm Fast medium,520,16,5.8,33.94,32.5
Mehidy Hasan Miraz,Bangladesh,Allrounder,Right hand Bat,8,367,19.32,77.75,0,1,Right arm Offbreak,1466,36,4.7,52.53,40.72
Michael Bates,New Zealand,Bowler,Right hand Bat,10,13,13.0,130.0,0,0,Left arm Medium fast,52,2,3.7,42.0,26.0
Michael Carberry,England,Opening Batter,Left hand Bat,1,113,22.6,63.84,0,1,Right arm Offbreak,12,0,12.0,0.0,0.0
Michael Chinouya,Zimbabwe,Bowler,Right hand Bat,11,6,6.0,75.0,0,0,Right arm Fast medium,50,1,4.5,66.0,50.0
Michael Clarke,Australia,Middle order Batter,Right hand Bat,4,2970,48.69,81.57,4,20,Slow Left arm Orthodox,317,5,4.5,84.6,63.4
Michael Hussey,Australia,Middle order Batter,Left hand Bat,5,1775,39.44,87.31,1,12,Right arm Medium,42,0,8.4,0.0,0.0
Michael Lumb,England,Top order Batter,Left hand Bat,1,165,55.0,81.28,1,0,Right arm Medium,0,0,0.0,0.0,0.0
Michael Mason,New Zealand,Bowler,Right hand Bat,11,2,inf,200.0,0,0,Right arm Fast medium,68,1,6.8,60.0,68.0
Michael Neser,Australia,Bowling Allrounder,Right hand Bat,8,8,4.0,50.0,0,0,Right arm Medium fast,120,2,7.3,49.5,60.0
Michael Yardy,England,Allrounder,Left hand Bat,7,277,23.08,78.69,0,2,Slow Left arm Orthodox,940,17,5.2,63.53,55.29
Miguel Cummins,West Indies,Bowler,Left hand Bat,10,10,5.0,37.04,0,0,Right arm Fast medium,428,9,6.4,44.67,47.56
Milinda Siriwardana,Sri Lanka,Allrounder,Left hand Bat,6,486,22.09,98.18,0,3,Slow Left arm Orthodox,536,9,5.5,65.44,59.56
Minod Bhanuka,Sri Lanka,Top order Batter,Left hand Bat,5,36,36.0,92.31,0,0,,0,0,0.0,0.0,0.0
Mirwais Ashraf,Afghanistan,Bowler,Right hand Bat,8,370,14.23,70.61,0,1,Right arm Fast medium,1340,46,4.1,42.76,29.13
Misbah-ul-Haq,Pakistan,Middle order Batter,Right hand Bat,5,3599,45.56,70.99,0,33,Legbreak,0,0,0.0,0.0,0.0
Mitchell Johnson,Australia,Bowler,Left hand Bat,8,525,17.5,105.21,0,1,Left arm Fast,3067,127,4.7,30.57,24.15
Mitchell Marsh,Australia,Allrounder,Right hand Bat,6,1406,36.05,93.11,1,11,Right arm Medium,1543,43,5.5,39.12,35.88
Mitchell McClenaghan,New Zealand,Bowler,Left hand Bat,11,108,21.6,78.26,0,0,Left arm Fast medium,2145,76,5.9,28.76,28.22
Mitchell Santner,New Zealand,Bowling Allrounder,Left hand Bat,8,890,27.81,87.77,0,2,Slow Left arm Orthodox,2510,69,4.9,44.62,36.38
Mitchell Starc,Australia,Bowler,Left hand Bat,9,296,10.57,84.09,0,0,Left arm Fast,3510,167,5.1,24.86,21.02
Moeen Ali,England,Batting Allrounder,Left hand Bat,6,1766,25.59,104.07,3,5,Right arm Offbreak,4089,84,5.3,55.36,48.68
Mohammad Amir,Pakistan,Bowler,Left hand Bat,9,208,13.0,79.69,0,1,Left arm Fast medium,1995,62,4.9,39.53,32.18
Mohammad Ashraful,Bangladesh,Middle order Batter,Right hand Bat,4,328,13.67,57.14,0,1,"Right arm Offbreak, Legbreak",183,3,5.5,66.33,61.0
Mohammad Asif,Pakistan,Bowler,Left hand Bat,11,1,0.33,4.35,0,0,Right arm Fast medium,292,8,4.9,44.25,36.5
Mohammad Hafeez,Pakistan,Allrounder,Right hand Bat,2,5637,37.33,80.52,11,33,Right arm Offbreak,4112,101,4.1,59.41,40.71
Mohammad Hasnain,Pakistan,Bowler,Right hand Bat,11,28,14.0,155.56,0,0,Right arm Fast,303,5,7.4,49.2,60.6
Mohammad Irfan,Pakistan,Bowler,Right hand Bat,11,48,4.0,32.21,0,0,Left arm Fast,2549,83,4.9,37.46,30.71
Mohammad Mithun,Bangladesh,Top order Batter,Right hand Bat,4,493,25.95,74.81,0,4,,0,0,0.0,0.0,0.0
Mohammad Nabi,Afghanistan,Allrounder,Right hand Bat,6,2606,27.15,84.56,1,13,Right arm Offbreak,4101,130,4.3,43.84,31.55
Mohammad Nawaz,Pakistan,,,8,199,22.11,93.43,0,1,,607,17,5.2,41.12,35.71
Mohammad Rizwan,Pakistan,,,6,705,33.57,89.58,2,3,,0,0,0.0,0.0,0.0
Mohammad Saifuddin,Bangladesh,Bowling Allrounder,Left hand Bat,8,262,29.11,81.37,0,2,Right arm Medium fast,909,24,6.0,38.0,37.88
Mohammad Salman,Pakistan,,,8,22,11.0,56.41,0,0,,0,0,0.0,0.0,0.0
Mohammad Shahzad,Afghanistan,Wicketkeeper Batter,Right hand Bat,2,2467,32.46,88.49,5,13,,233,9,5.8,26.67,25.89
Mohammad Talha,Pakistan,,,9,0,0.0,0.0,0,0,,146,4,7.2,30.5,36.5
Mohammad Yousuf,Pakistan,,,4,177,17.7,66.54,0,1,,0,0,0.0,0.0,0.0
Mohammed Shami,India,Bowler,Right hand Bat,10,136,7.56,82.93,0,0,Right arm Fast,3284,130,5.5,27.5,25.26
Mohit Sharma,India,Bowler,Right hand Bat,10,30,10.0,56.6,0,0,Right arm Medium,1020,31,5.5,36.03,32.9
Moises Henriques,Australia,Allrounder,Right hand Bat,6,42,8.4,65.62,0,0,Right arm Fast medium,167,5,4.9,40.8,33.4
Mominul Haque,Bangladesh,Middle order Batter,Left hand Bat,4,557,22.28,74.37,0,3,Slow Left arm Orthodox,190,7,4.9,33.43,27.14
Morne Morkel,South Africa,Bowler,Left hand Bat,10,180,7.83,69.5,0,0,Right arm Fast,3749,154,5.0,29.39,24.34
Morne van Wyk,South Africa,Wicketkeeper Batter,Right hand Bat,4,230,23.0,71.21,0,2,Slow Left arm Orthodox,0,0,0.0,0.0,0.0
Mosaddek Hossain,Bangladesh,Middle order Batter,Right hand Bat,7,549,27.45,86.73,0,2,Right arm Offbreak,761,14,5.2,63.07,54.36
Mosharraf Hossain,Bangladesh,Allrounder,Left hand Bat,8,11,11.0,34.38,0,0,Slow Left arm Orthodox,47,3,4.3,22.0,15.67
Mujeeb Ur Rahman,Afghanistan,Bowler,Right hand Bat,11,66,6.6,89.19,0,0,Right arm Offbreak,1371,59,3.9,35.49,23.24
Munaf Patel,India,Bowler,Right hand Bat,11,20,6.67,68.97,0,0,Right arm Medium fast,1053,39,5.1,31.97,27.0
Murali Vijay,India,Opening Batter,Right hand Bat,2,339,21.19,67.0,0,1,Right arm Offbreak,37,1,6.2,36.0,37.0
Mushfiqur Rahim,Bangladesh,Wicketkeeper Batter,Right hand Bat,5,5156,40.92,83.31,7,33,,0,0,0.0,0.0,0.0
Mustafizur Rahman,Bangladesh,Bowler,Left hand Bat,11,77,7.7,58.33,0,0,Left arm Fast medium,2371,106,5.2,25.76,22.37
Muthiah Muralidaran,Sri Lanka,Bowler,Right hand Bat,11,14,7.0,116.67,0,0,Right arm Offbreak,542,22,4.3,34.09,24.64
Naeem Islam,Bangladesh,Allrounder,Right hand Bat,6,673,25.88,68.74,0,4,Right arm Offbreak,742,16,5.0,55.62,46.38
Najeeb Tarakai,Afghanistan,Opening Batter,Right hand Bat,2,5,5.0,27.78,0,0,Right arm Offbreak,0,0,0.0,0.0,0.0
Najibullah Zadran,Afghanistan,Middle order Batter,Left hand Bat,7,1493,28.71,87.93,1,10,Right arm Offbreak,30,0,6.0,0.0,0.0
Najmul Hossain Shanto,Bangladesh,Top order Batter,Left hand Bat,2,20,6.67,44.44,0,0,Right arm Offbreak,0,0,0.0,0.0,0.0
Naman Ojha,India,Wicketkeeper Batter,Right hand Bat,2,1,1.0,14.29,0,0,,0,0,0.0,0.0,0.0
Narsingh Deonarine,West Indies,Batter,Left hand Bat,5,583,27.76,73.52,0,4,Right arm Offbreak,317,1,5.3,357.0,317.0
Nasir Hossain,Bangladesh,Allrounder,Right hand Bat,7,1281,29.11,79.81,1,6,Right arm Offbreak,974,24,4.7,51.67,40.58
Nasir Jamal,Afghanistan,Middle order Batter,Right hand Bat,5,344,28.67,66.15,0,3,Legbreak Googly,7,0,7.0,0.0,0.0
Nasir Jamshed,Pakistan,Opening Batter,Left hand Bat,1,1065,30.43,69.52,3,4,,0,0,0.0,0.0,0.0
Nathan Coulter-Nile,Australia,Bowling Allrounder,Right hand Bat,9,252,16.8,96.18,0,1,Right arm Fast,1555,52,5.6,32.19,29.9
Nathan Hauritz,Australia,Bowler,Right hand Bat,8,138,19.71,115.0,0,1,Right arm Offbreak,819,19,5.3,49.26,43.11
Nathan Lyon,Australia,Bowler,Right hand Bat,10,77,19.25,92.77,0,0,Right arm Offbreak,1334,29,4.9,56.07,46.0
Nathan McCullum,New Zealand,Bowler,Right hand Bat,8,1070,21.84,87.85,0,4,Right arm Offbreak,2721,60,5.0,54.1,45.35
Natsai M'shangwe,Zimbabwe,Bowler,Right hand Bat,9,38,7.6,84.44,0,0,Legbreak,260,3,4.6,112.0,86.67
Naved-ul-Hasan,Pakistan,Bowler,Right hand Bat,9,76,19.0,111.76,0,0,Right arm Medium fast,290,6,6.2,47.0,48.33
Naveen-ul-Haq,Afghanistan,Bowler,Right hand Bat,11,9,9.0,42.86,0,0,Right arm Medium fast,201,6,5.7,35.33,33.5
Nawroz Mangal,Afghanistan,Top order Batter,Right hand Bat,3,1073,27.51,76.32,2,4,Right arm Offbreak,192,4,4.9,59.75,48.0
Nazimuddin,Bangladesh,Batter,Right hand Bat,2,57,14.25,53.27,0,0,Right arm Medium,0,0,0.0,0.0,0.0
Nazmul Hossain,Bangladesh,Bowler,Right hand Bat,11,0,0.0,0.0,0,0,Right arm Medium fast,270,8,5.2,39.0,33.75
Nazmul Islam,Bangladesh,Bowler,Left hand Bat,9,7,7.0,53.85,0,0,Slow Left arm Orthodox,224,5,5.1,52.8,44.8
Neil Broom,New Zealand,Middle order Batter,Right hand Bat,5,728,34.67,87.08,1,5,Right arm Medium,0,0,0.0,0.0,0.0
Neville Madziva,Zimbabwe,Allrounder,Right hand Bat,9,67,7.44,48.55,0,0,Right arm Medium fast,519,20,6.0,26.0,25.95
Niall O'Brien,Ireland,Wicketkeeper Batter,Left hand Bat,4,1745,28.61,73.35,1,11,,0,0,0.0,0.0,0.0
Nicholas Pooran,West Indies,Wicketkeeper Batter,Left hand Bat,5,728,52.0,110.14,1,5,Right arm Offbreak,0,0,0.0,0.0,0.0
Nigel Jones,Ireland,Allrounder,Right hand Bat,8,74,14.8,72.55,0,0,Right arm Medium,234,10,3.7,38.4,23.4
Nikita Miller,West Indies,Bowler,Right hand Bat,9,123,15.38,75.0,0,0,Slow Left arm Orthodox,1001,28,4.9,44.0,35.75
Niroshan Dickwella,Sri Lanka,Wicketkeeper Batter,Left hand Bat,2,1571,32.73,93.57,2,9,,0,0,0.0,0.0,0.0
Njabulo Ncube,Zimbabwe,Bowler,Right hand Bat,11,0,0.0,0.0,0,0,Right arm Fast medium,69,3,8.1,17.67,23.0
Noor Ali Zadran,Afghanistan,Opening Batter,Right hand Bat,2,1121,24.37,61.97,1,7,Right arm Medium fast,0,0,0.0,0.0,0.0
Noor-ul-Haq,Afghanistan,Middle order Batter,Right hand Bat,4,12,6.0,20.69,0,0,Legbreak,0,0,0.0,0.0,0.0
Nurul Hasan,Bangladesh,Wicketkeeper Batter,Right hand Bat,8,68,34.0,97.14,0,0,,0,0,0.0,0.0,0.0
Nuwan Kulasekara,Sri Lanka,Bowler,Right hand Bat,8,920,14.6,88.72,0,3,Right arm Fast medium,4401,113,5.2,45.25,38.95
Nuwan Pradeep,Sri Lanka,Bowler,Right hand Bat,11,27,4.5,36.49,0,0,Right arm Fast medium,1975,53,6.0,37.08,37.26
Obed McCoy,West Indies,Bowler,Left hand Bat,11,0,0.0,0.0,0,0,Left arm Fast medium,109,4,7.8,21.0,27.25
Olly Stone,England,,,11,9,inf,128.57,0,0,,97,1,6.1,96.0,97.0
Oshada Fernando,Sri Lanka,Top order Batter,Right hand Bat,4,128,21.33,63.05,0,0,Legbreak,16,0,8.0,0.0,0.0
Oshane Thomas,West Indies,Bowler,Left hand Bat,11,13,2.6,24.53,0,0,Right arm Fast,824,24,7.0,29.71,34.33
Pankaj Singh,India,Bowler,Right hand Bat,9,3,inf,100.0,0,0,Right arm Medium fast,45,0,6.4,0.0,0.0
Parthiv Patel,India,Wicketkeeper Batter,Left hand Bat,2,509,24.24,80.92,0,3,Right arm Offbreak,0,0,0.0,0.0,0.0
Pat Cummins,Australia,Bowler,Right hand Bat,9,234,10.17,71.34,0,0,Right arm Fast,2503,93,5.2,31.24,26.91
Paul Collingwood,England,Allrounder,Right hand Bat,5,614,30.7,74.7,0,2,Right arm Medium,470,10,4.5,63.0,47.0
Paul Stirling,Ireland,Batting Allrounder,Right hand Bat,2,3884,38.08,87.91,8,22,Right arm Offbreak,1902,43,4.8,55.53,44.23
Peter Chase,Ireland,Bowler,Right hand Bat,11,35,3.5,62.5,0,0,Right arm Medium fast,1323,31,6.6,38.77,42.68
Peter Connell,Ireland,Bowler,Right hand Bat,10,2,2.0,25.0,0,0,Right arm Medium fast,62,1,4.8,78.0,62.0
Peter Forrest,Australia,Middle order Batter,Right hand Bat,4,368,26.29,65.6,1,3,Right arm Medium,0,0,0.0,0.0,0.0
Peter Handscomb,Australia,Batter,Right hand Bat,5,632,33.26,97.38,1,4,,0,0,0.0,0.0,0.0
Peter Ingram,New Zealand,Top order Batter,Right hand Bat,2,193,27.57,81.09,0,1,Right arm Offbreak,0,0,0.0,0.0,0.0
Peter Moor,Zimbabwe,,,5,827,20.68,67.51,0,4,,0,0,0.0,0.0,0.0
Peter Siddle,Australia,Bowler,Right hand Bat,10,19,19.0,111.76,0,0,Right arm Fast medium,346,6,5.6,62.17,57.67
Phillip Hughes,Australia,Opening Batter,Left hand Bat,2,814,40.7,76.0,2,4,,0,0,0.0,0.0,0.0
Piyush Chawla,India,Bowling Allrounder,Left hand Bat,10,10,5.0,66.67,0,0,Legbreak,206,4,5.9,52.5,51.5
Prabath Jayasuriya,Sri Lanka,Bowler,Right hand Bat,10,11,11.0,84.62,0,0,Slow Left arm Orthodox,95,0,5.9,0.0,0.0
Pragyan Ojha,India,Bowler,Left hand Bat,11,19,19.0,33.33,0,0,Slow Left arm Orthodox,316,9,4.8,43.89,35.11
Praveen Kumar,India,Bowler,Right hand Bat,9,102,10.2,85.71,0,0,Right arm Medium,1402,37,5.2,43.78,37.89
Prince Masvaure,Zimbabwe,Opening Batter,Left hand Bat,2,40,20.0,66.67,0,0,Left arm Fast medium,19,0,6.3,0.0,0.0
Priyamal Perera,Sri Lanka,Middle order Batter,Right hand Bat,6,33,16.5,56.9,0,0,Right arm Offbreak,0,0,0.0,0.0,0.0
Prosper Utseya,Zimbabwe,Bowler,Right hand Bat,8,698,22.52,63.63,0,2,Right arm Offbreak,2772,58,4.8,59.9,47.79
Quinton de Kock,South Africa,Wicketkeeper Batter,Left hand Bat,2,4704,43.56,95.73,13,23,,0,0,0.0,0.0,0.0
Raees Ahmadzai,Afghanistan,Middle order Batter,Right hand Bat,6,43,43.0,58.11,0,0,Right arm Offbreak,16,0,4.0,0.0,0.0
Rahat Ali,Pakistan,Bowler,Right hand Bat,10,8,2.67,21.62,0,0,Left arm Fast medium,658,18,5.8,37.72,36.56
Rahmat Shah,Afghanistan,Allrounder,Right hand Bat,3,2085,32.58,69.32,3,13,Legbreak Googly,504,14,5.8,37.43,36.0
Rahul Dravid,India,Top order Batter,Right hand Bat,3,122,30.5,79.22,0,1,Right arm Offbreak,0,0,0.0,0.0,0.0
Rahul Sharma,India,Bowler,Right hand Bat,9,1,1.0,50.0,0,0,Legbreak Googly,177,6,5.2,34.33,29.5
Ramnaresh Sarwan,West Indies,Batter,Right hand Bat,4,822,37.36,68.67,2,4,Legbreak,0,0,0.0,0.0,0.0
Rangana Herath,Sri Lanka,Bowler,Left hand Bat,10,140,9.33,65.12,0,0,Slow Left arm Orthodox,2176,67,4.4,43.94,32.48
Raqibul Hasan,Bangladesh,Batter,Right hand Bat,4,393,23.12,60.18,0,2,Legbreak,0,0,0.0,0.0,0.0
Rashid Khan,Afghanistan,Bowling Allrounder,Right hand Bat,8,888,19.3,99.66,0,4,Legbreak Googly,2425,132,4.2,26.42,18.37
Rassie van der Dussen,South Africa,Top order Batter,Right hand Bat,4,664,73.78,81.87,0,7,Legbreak,0,0,0.0,0.0,0.0
Ravi Bopara,England,Batting Allrounder,Right hand Bat,5,1658,33.16,83.7,1,10,Right arm Medium,1230,34,4.8,44.85,36.18
Ravi Rampaul,West Indies,Bowler,Left hand Bat,10,251,13.21,77.71,0,1,Right arm Fast medium,2320,83,5.2,32.45,27.95
Ravichandran Ashwin,India,Bowling Allrounder,Right hand Bat,8,675,16.46,87.1,0,1,Right arm Offbreak,4817,148,4.9,39.93,32.55
Ravindra Jadeja,India,Allrounder,Left hand Bat,7,1987,31.05,87.3,0,9,Slow Left arm Orthodox,5931,170,4.9,42.9,34.89
Ray Price,Zimbabwe,Bowler,Right hand Bat,10,132,8.8,62.26,0,0,Slow Left arm Orthodox,1258,31,4.2,57.77,40.58
Raymon Reifer,West Indies,Allrounder,Left hand Bat,9,7,7.0,58.33,0,0,Left arm Medium fast,54,2,6.4,26.5,27.0
Raza Hasan,Pakistan,Bowler,Right hand Bat,9,0,0.0,0.0,0,0,Slow Left arm Orthodox,68,1,6.8,60.0,68.0
Reece Topley,England,Bowler,Right hand Bat,11,7,7.0,17.5,0,0,Left arm Fast medium,410,16,5.3,28.94,25.62
Reeza Hendricks,South Africa,Opening Batter,Right hand Bat,2,455,26.76,76.99,1,2,Right arm Offbreak,47,1,6.7,42.0,47.0
Regis Chakabva,Zimbabwe,Wicketkeeper Batter,Right hand Bat,4,558,17.44,57.35,0,1,Right arm Offbreak,0,0,0.0,0.0,0.0
Richard Ngarava,Zimbabwe,Bowler,Left hand Bat,11,14,2.8,46.67,0,0,Left arm Fast medium,409,8,6.5,47.12,51.12
Richmond Mutumbami,Zimbabwe,Wicketkeeper Batter,Right hand Bat,5,582,19.4,71.5,0,3,Right arm Offbreak,0,0,0.0,0.0,0.0
Ricky Ponting,Australia,Top order Batter,Right hand Bat,3,1371,34.28,79.85,2,9,Right arm Medium,0,0,0.0,0.0,0.0
Rilee Rossouw,South Africa,Top order Batter,Left hand Bat,4,1239,39.97,94.8,3,7,Right arm Offbreak,44,1,6.0,45.0,44.0
Rishabh Pant,India,Wicketkeeper Batter,Left hand Bat,5,346,26.62,105.49,0,1,,0,0,0.0,0.0,0.0
Rishi Dhawan,India,Allrounder,Right hand Bat,8,12,12.0,92.31,0,0,Right arm Medium fast,160,1,6.4,150.0,160.0
Rob Nicol,New Zealand,Opening Batter,Right hand Bat,1,585,30.79,76.07,2,2,"Right arm Medium, Right arm Offbreak",303,10,5.8,31.5,30.3
Robin Peterson,South Africa,Bowler,Left hand Bat,7,409,25.56,82.79,0,1,Slow Left arm Orthodox,1688,58,5.0,34.86,29.1
Robin Uthappa,India,Batter,Right hand Bat,4,143,23.83,87.73,0,1,Right arm Medium,0,0,0.0,0.0,0.0
Robiul Islam,Bangladesh,Bowler,Right hand Bat,11,0,0.0,0.0,0,0,Right arm Fast medium,117,2,5.4,66.5,58.5
Rohit Sharma,India,Top order Batter,Right hand Bat,2,8240,53.51,90.68,28,39,Right arm Offbreak,383,6,5.6,68.0,63.83
Romario Shepherd,West Indies,Bowling Allrounder,Right hand Bat,8,6,6.0,66.67,0,0,Right arm Fast medium,101,3,5.5,36.67,33.67
Ronsford Beaton,West Indies,Bowler,Right hand Bat,10,15,15.0,29.41,0,0,Right arm Fast medium,102,1,6.0,102.0,102.0
Rory Kleinveldt,South Africa,Bowler,Right hand Bat,9,105,15.0,84.68,0,0,Right arm Fast medium,448,12,5.3,42.75,37.33
Rory McCann,Ireland,Wicketkeeper,Right hand Bat,8,44,11.0,57.14,0,0,,0,0,0.0,0.0,0.0
Ross Taylor,New Zealand,Middle order Batter,Right hand Bat,4,6350,54.27,83.67,17,39,Right arm Offbreak,3,0,1.5,0.0,0.0
Roston Chase,West Indies,Allrounder,Right hand Bat,5,438,27.38,76.17,0,2,Right arm Offbreak,511,11,4.8,58.27,46.45
Rovman Powell,West Indies,Middle order Batter,Right hand Bat,6,626,23.19,85.64,1,2,Right arm Medium fast,243,3,6.0,81.67,81.0
Rubel Hossain,Bangladesh,Bowler,Right hand Bat,10,139,5.35,58.16,0,0,Right arm Fast,3983,115,5.7,36.41,34.63
Rumman Raees,Pakistan,Bowler,Right hand Bat,11,27,9.0,112.5,0,0,Left arm Medium fast,464,14,6.0,33.07,33.14
Runako Morton,West Indies,Batter,Right hand Bat,2,7,3.5,26.92,0,0,"Right arm Medium, Right arm Offbreak",0,0,0.0,0.0,0.0
Rusty Theron,South Africa,,,10,5,5.0,100.0,0,0,,173,12,5.4,16.17,14.42
Ryan Burl,Zimbabwe,Middle order Batter,Left hand Bat,6,243,20.25,68.07,0,1,Legbreak,207,7,6.0,30.0,29.57
Ryan Harris,Australia,Bowler,Right hand Bat,9,20,5.0,68.97,0,0,Right arm Fast,778,43,4.8,22.49,18.09
Ryan McLaren,South Africa,Allrounder,Left hand Bat,7,468,21.27,72.45,0,1,Right arm Medium fast,1939,73,5.3,30.07,26.56
Ryan Murray,Zimbabwe,Wicketkeeper,Right hand Bat,5,108,27.0,60.67,0,0,Right arm Offbreak,0,0,0.0,0.0,0.0
S Badrinath,India,Middle order Batter,Right hand Bat,4,40,13.33,47.06,0,0,Right arm Offbreak,0,0,0.0,0.0,0.0
Saad Nasim,Pakistan,Allrounder,Right hand Bat,7,99,49.5,79.84,0,1,Legbreak,46,0,7.7,0.0,0.0
Sabbir Rahman,Bangladesh,Middle order Batter,Right hand Bat,6,1325,26.5,91.76,1,6,Legbreak,345,3,6.8,102.0,115.0
Sachin Tendulkar,India,Top order Batter,Right hand Bat,2,1032,46.91,92.31,4,3,"Right arm Offbreak, Legbreak Googly",33,0,6.1,0.0,0.0
Sachith Pathirana,Sri Lanka,Allrounder,Left hand Bat,8,332,25.54,86.68,0,1,Slow Left arm Orthodox,710,15,5.6,50.4,47.33
Sachithra Senanayake,Sri Lanka,Bowler,Right hand Bat,9,276,13.14,89.9,0,0,Right arm Offbreak,1844,53,4.8,43.62,34.79
Sadeera Samarawickrama,Sri Lanka,Wicketkeeper Batter,Right hand Bat,3,138,19.71,83.64,0,1,,0,0,0.0,0.0,0.0
Saeed Ajmal,Pakistan,Bowler,Right hand Bat,10,252,6.0,58.88,0,0,Right arm Offbreak,3439,157,4.3,30.92,21.9
Salman Butt,Pakistan,Batter,Left hand Bat,1,182,26.0,78.45,0,2,Right arm Offbreak,0,0,0.0,0.0,0.0
Sam Billings,England,Wicketkeeper Batter,Right hand Bat,5,271,22.58,90.94,0,2,,0,0,0.0,0.0,0.0
Sam Curran,England,,,8,17,8.5,58.62,0,0,,90,2,7.5,36.0,45.0
Sam Heazlett,Australia,Batter,Left hand Bat,6,4,4.0,36.36,0,0,Slow Left arm Orthodox,0,0,0.0,0.0,0.0
Sami Aslam,Pakistan,Opening Batter,Left hand Bat,1,78,19.5,66.67,0,0,Right arm Medium,0,0,0.0,0.0,0.0
Samit Patel,England,Allrounder,Right hand Bat,7,366,36.6,93.13,0,1,Slow Left arm Orthodox,730,12,5.6,65.58,60.83
Samiullah Shinwari,Afghanistan,Allrounder,Right hand Bat,6,1673,27.88,64.67,0,10,Legbreak,1635,44,4.9,45.43,37.16
Sanath Jayasuriya,Sri Lanka,Allrounder,Left hand Bat,2,2,2.0,50.0,0,0,Slow Left arm Orthodox,46,1,7.7,36.0,46.0
Sandun Weerakkody,Sri Lanka,Wicketkeeper Batter,Left hand Bat,3,73,24.33,110.61,0,1,,0,0,0.0,0.0,0.0
Sarfaraz Ahmed,Pakistan,Wicketkeeper Batter,Right hand Bat,6,2250,34.62,88.17,2,11,Right arm Offbreak,15,0,7.5,0.0,0.0
Saurabh Tiwary,India,Top order Batter,Left hand Bat,7,49,inf,87.5,0,0,,0,0,0.0,0.0,0.0
Sayed Shirzad,Afghanistan,Bowler,Right hand Bat,10,25,25.0,147.06,0,0,Left arm Medium,56,1,7.0,48.0,56.0
Scott Boland,Australia,Bowler,Right hand Bat,11,9,3.0,40.91,0,0,Right arm Fast medium,725,16,6.1,44.75,45.31
Scott Borthwick,England,Batting Allrounder,Left hand Bat,9,18,9.0,112.5,0,0,Legbreak,72,0,8.0,0.0,0.0
Scott Kuggeleijn,New Zealand,Bowling Allrounder,Right hand Bat,8,11,inf,183.33,0,0,Right arm Fast medium,58,5,4.1,16.8,11.6
Scott Styris,New Zealand,Allrounder,Right hand Bat,5,740,35.24,83.43,0,5,Right arm Medium,572,10,4.8,71.7,57.2
Sean Abbott,Australia,Allrounder,Right hand Bat,8,3,3.0,42.86,0,0,Right arm Fast medium,25,1,5.0,30.0,25.0
Sean Terry,Ireland,,,4,32,6.4,47.76,0,0,,0,0,0.0,0.0,0.0
Sean Williams,Zimbabwe,Middle order Batter,Left hand Bat,5,2734,35.51,85.87,3,21,Slow Left arm Orthodox,2684,62,4.8,53.98,43.29
Seekkuge Prasanna,Sri Lanka,Allrounder,Right hand Bat,8,419,12.7,95.23,0,2,Legbreak,1767,32,5.5,60.62,55.22
Shabir Noori,Afghanistan,Top order Batter,Right hand Bat,3,191,19.1,63.67,0,1,Right arm Offbreak,0,0,0.0,0.0,0.0
Shadab Khan,Pakistan,Allrounder,Right hand Bat,8,337,25.92,68.64,0,3,Legbreak,1750,59,5.0,35.32,29.66
Shafiqullah,Afghanistan,Wicketkeeper Batter,Right hand Bat,7,430,22.63,105.39,0,2,,0,0,0.0,0.0,0.0
Shafiul Islam,Bangladesh,Bowler,Right hand Bat,10,129,5.86,54.89,0,0,Right arm Fast medium,2453,69,6.0,35.86,35.55
Shahadat Hossain,Bangladesh,Bowler,Right hand Bat,10,21,10.5,72.41,0,0,Right arm Medium fast,452,6,6.8,66.83,75.33
Shaheen Shah Afridi,Pakistan,Bowler,Left hand Bat,10,42,21.0,65.62,0,0,Left arm Fast,829,39,5.5,23.1,21.26
Shahid Afridi,Pakistan,Allrounder,Right hand Bat,7,2234,24.82,136.8,2,9,Legbreak Googly,4345,126,4.7,44.31,34.48
Shahriar Nafees,Bangladesh,Top order Batter,Left hand Bat,3,344,22.93,68.53,0,3,,0,0,0.0,0.0,0.0
Shahzaib Hasan,Pakistan,Opening Batter,Right hand Bat,1,100,33.33,88.5,0,1,Right arm Offbreak,0,0,0.0,0.0,0.0
Shai Hope,West Indies,Wicketkeeper Batter,Right hand Bat,3,2978,52.25,74.41,8,15,,0,0,0.0,0.0,0.0
Shakib Al Hasan,Bangladesh,Allrounder,Left hand Bat,5,4233,38.48,86.32,5,35,Slow Left arm Orthodox,5251,174,4.7,38.27,30.18
Shaminda Eranga,Sri Lanka,Bowler,Right hand Bat,10,34,11.33,53.97,0,0,Right arm Fast medium,686,21,5.8,34.1,32.67
Shamsur Rahman,Bangladesh,Opening Batter,Right hand Bat,2,266,26.6,76.0,0,2,,13,0,13.0,0.0,0.0
Shan Masood,Pakistan,Opening Batter,Left hand Bat,2,111,22.2,76.55,0,1,Right arm Medium fast,0,0,0.0,0.0,0.0
Shanan Stewart,New Zealand,Top order Batter,Right hand Bat,6,26,6.5,44.07,0,0,Right arm Medium,0,0,0.0,0.0,0.0
Shane Bond,New Zealand,Bowler,Right hand Bat,10,53,17.67,98.15,0,0,Right arm Fast,189,9,4.4,28.78,21.0
Shane Dowrich,West Indies,Wicketkeeper Batter,Right hand Bat,7,6,6.0,75.0,0,0,,0,0,0.0,0.0,0.0
Shane Getkate,Ireland,Allrounder,Right hand Bat,7,23,23.0,100.0,0,0,Right arm Medium fast,120,6,4.4,27.0,20.0
Shane Watson,Australia,Allrounder,Right hand Bat,2,3462,41.21,96.22,5,23,Right arm Fast medium,2434,69,5.1,41.23,35.28
Shannon Gabriel,West Indies,Bowler,Right hand Bat,11,24,3.43,38.1,0,0,Right arm Fast,1134,33,5.9,34.79,34.36
Shapoor Zadran,Afghanistan,Bowler,Left hand Bat,11,59,7.38,46.46,0,0,Left arm Fast medium,1527,38,4.9,49.0,40.18
Sharafuddin Ashraf,Afghanistan,Allrounder,Right hand Bat,9,66,11.0,67.35,0,0,Slow Left arm Orthodox,533,12,4.4,60.17,44.42
Shardul Thakur,India,Bowler,Right hand Bat,8,39,39.0,177.27,0,0,Right arm Medium,339,8,6.3,40.38,42.38
Sharjeel Khan,Pakistan,Opening Batter,Left hand Bat,2,812,32.48,113.41,1,6,Legbreak,0,0,0.0,0.0,0.0
Shaun Marsh,Australia,Top order Batter,Left hand Bat,3,2047,40.94,83.18,6,10,Slow Left arm Orthodox,0,0,0.0,0.0,0.0
Shaun Tait,Australia,Bowler,Right hand Bat,11,1,inf,50.0,0,0,Right arm Fast,477,23,5.0,25.13,20.74
Shehan Jayasuriya,Sri Lanka,Batting Allrounder,Left hand Bat,6,195,21.67,71.43,0,1,Right arm Offbreak,277,3,5.3,104.0,92.33
Shehan Madushanka,Sri Lanka,Bowler,Right hand Bat,9,7,7.0,116.67,0,0,Right arm Fast medium,26,3,4.3,12.33,8.67
Sheldon Cottrell,West Indies,Bowler,Right hand Bat,10,76,10.86,73.79,0,0,Left arm Fast medium,1275,37,5.9,34.86,34.46
Shikhar Dhawan,India,Opening Batter,Left hand Bat,2,5409,44.34,94.04,17,26,Right arm Offbreak,0,0,0.0,0.0,0.0
Shimron Hetmyer,West Indies,Top order Batter,Left hand Bat,4,1378,38.28,108.33,5,4,,0,0,0.0,0.0,0.0
Shingi Masakadza,Zimbabwe,Bowler,Right hand Bat,9,170,21.25,96.05,0,0,Right arm Fast medium,891,25,6.8,31.48,35.64
Shivam Dube,India,Allrounder,Left hand Bat,8,9,9.0,150.0,0,0,Right arm Medium,68,0,9.1,0.0,0.0
Shivnarine Chanderpaul,West Indies,Batter,Left hand Bat,4,515,39.62,64.54,1,4,Legbreak,0,0,0.0,0.0,0.0
Shoaib Akhtar,Pakistan,Bowler,Right hand Bat,11,21,3.5,51.22,0,0,Right arm Fast,848,24,5.3,40.25,35.33
Shoaib Malik,Pakistan,Allrounder,Right hand Bat,5,2438,34.34,87.98,2,13,Right arm Offbreak,1435,28,5.1,60.93,51.25
Shreyas Iyer,India,Top order Batter,Right hand Bat,4,476,47.6,104.85,0,6,"Right arm Offbreak, Legbreak Googly",15,0,7.5,0.0,0.0
Shubman Gill,India,,,3,16,8.0,50.0,0,0,,0,0,0.0,0.0,0.0
Shuvagata Hom,Bangladesh,Batting Allrounder,Right hand Bat,6,70,35.0,81.4,0,0,Right arm Offbreak,9,0,4.5,0.0,0.0
Siddarth Kaul,India,Bowler,Right hand Bat,10,1,0.5,33.33,0,0,Right arm Medium,179,0,6.6,0.0,0.0
Sikandar Raza,Zimbabwe,Batting Allrounder,Right hand Bat,5,2652,34.0,81.9,3,14,Right arm Offbreak,2170,53,4.8,51.43,40.94
Simi Singh,Ireland,Bowling Allrounder,Right hand Bat,6,193,14.85,58.13,0,0,"Right arm Offbreak, Legbreak Googly",345,11,4.0,47.45,31.36
Sohag Gazi,Bangladesh,Bowler,Right hand Bat,8,184,15.33,86.38,0,0,Right arm Offbreak,715,21,4.8,43.0,34.05
Sohaib Maqsood,Pakistan,Middle order Batter,Right hand Bat,5,735,31.96,83.43,0,5,Right arm Offbreak,42,1,4.7,54.0,42.0
Sohail Khan,Pakistan,Bowler,Right hand Bat,10,21,5.25,50.0,0,0,Right arm Fast medium,434,14,5.6,33.36,31.0
Sohail Tanvir,Pakistan,Bowler,Left hand Bat,9,217,13.56,80.97,0,0,Left arm Medium fast,1294,27,5.5,52.11,47.93
Sohrawordi Shuvo,Bangladesh,Bowler,Left hand Bat,8,98,14.0,72.59,0,0,Slow Left arm Orthodox,572,14,4.5,54.43,40.86
Solomon Mire,Zimbabwe,Batter,Right hand Bat,3,955,20.32,80.25,1,3,Right arm Medium fast,515,12,6.1,42.25,42.92
Soumya Sarkar,Bangladesh,Middle order Batter,Left hand Bat,3,1720,35.1,99.14,2,11,Right arm Medium fast,318,9,5.9,36.0,35.33
Sreesanth,India,,,10,10,3.33,37.04,0,0,,614,15,7.3,33.93,40.93
Steven Davies,England,Wicketkeeper,Left hand Bat,2,239,34.14,105.29,0,1,,0,0,0.0,0.0,0.0
Steven Finn,England,Bowler,Right hand Bat,10,136,8.0,60.99,0,0,Right arm Fast medium,2995,102,5.1,34.59,29.36
Steven Smith,Australia,Middle order Batter,Right hand Bat,4,3780,41.09,86.24,8,23,Legbreak Googly,946,28,5.4,37.36,33.79
Stuart Binny,India,Allrounder,Right hand Bat,7,205,25.62,97.62,0,1,Right arm Medium,439,20,5.4,24.5,21.95
Stuart Broad,England,Bowler,Left hand Bat,9,191,9.55,75.49,0,0,Right arm Fast medium,2867,82,5.4,38.88,34.96
Stuart Matsikenyeri,Zimbabwe,Middle order Batter,Right hand Bat,4,47,6.71,53.41,0,0,Right arm Offbreak,8,0,4.0,0.0,0.0
Stuart Meaker,England,Bowler,Right hand Bat,10,2,1.0,12.5,0,0,Right arm Fast medium,110,2,5.8,57.0,55.0
Stuart Poynter,Ireland,Wicketkeeper Batter,Right hand Bat,6,185,13.21,66.55,0,0,,0,0,0.0,0.0,0.0
Stuart Thompson,Ireland,Bowler,Left hand Bat,7,228,16.29,90.84,0,0,Right arm Medium fast,471,12,5.3,44.58,39.25
Subashis Roy,Bangladesh,,,11,1,inf,11.11,0,0,,45,1,4.5,60.0,45.0
Sudeep Tyagi,India,Bowler,Right hand Bat,11,1,inf,50.0,0,0,Right arm Medium,83,1,5.9,84.0,83.0
Sulieman Benn,West Indies,Bowler,Left hand Bat,10,112,7.0,71.79,0,0,Slow Left arm Orthodox,1484,33,4.8,56.15,44.97
Sunil Ambris,West Indies,Opening Batter,Right hand Bat,2,361,60.17,101.98,1,1,,0,0,0.0,0.0,0.0
Sunil Narine,West Indies,Bowling Allrounder,Left hand Bat,10,363,11.0,82.31,0,0,Right arm Offbreak,2435,92,4.1,38.42,26.47
Sunzamul Islam,Bangladesh,Bowler,Left hand Bat,9,19,19.0,79.17,0,0,Slow Left arm Orthodox,79,5,3.2,30.0,15.8
Suraj Randiv,Sri Lanka,Bowler,Right hand Bat,8,219,16.85,73.74,0,0,Right arm Offbreak,1054,31,5.1,39.77,34.0
Suranga Lakmal,Sri Lanka,Bowler,Right hand Bat,10,241,9.64,61.64,0,0,Right arm Fast medium,3269,104,5.4,34.73,31.43
Suresh Raina,India,Middle order Batter,Left hand Bat,5,3655,35.49,96.29,3,23,Right arm Offbreak,1473,30,5.1,57.8,49.1
Syed Rasel,Bangladesh,Bowler,Left hand Bat,11,9,9.0,45.0,0,0,Left arm Medium fast,271,2,6.1,133.5,135.5
Syed Saad Ali,Pakistan,Top order Batter,Left hand Bat,6,11,5.5,47.83,0,0,Right arm Medium,0,0,0.0,0.0,0.0
Tabraiz Shamsi,South Africa,Bowler,Right hand Bat,11,0,0.0,0.0,0,0,Left arm Wrist spin,798,19,5.5,46.26,42.0
Tafadzwa Kamungozi,Zimbabwe,Allrounder,Right hand Bat,11,27,6.75,64.29,0,0,Legbreak,385,7,5.1,65.14,55.0
Taijul Islam,Bangladesh,Bowler,Left hand Bat,9,63,21.0,81.82,0,0,Slow Left arm Orthodox,220,6,3.9,57.0,36.67
Tamim Iqbal,Bangladesh,Opening Batter,Left hand Bat,1,4869,38.34,79.33,9,34,,7,0,14.0,0.0,0.0
Tanbir Hayder,Bangladesh,Middle order Batter,Right hand Bat,8,5,2.5,31.25,0,0,Legbreak,67,0,6.7,0.0,0.0
Tanvir Ahmed,Pakistan,Bowler,Right hand Bat,9,18,18.0,150.0,0,0,Right arm Fast medium,83,2,8.3,30.0,41.5
Tarisai Musakanda,Zimbabwe,Top order Batter,Right hand Bat,4,304,21.71,79.58,0,1,"Right arm Medium, Right arm Slow medium",11,0,5.5,0.0,0.0
Tarun Nethula,New Zealand,Bowler,Right hand Bat,11,12,6.0,109.09,0,0,Legbreak,249,5,5.7,52.8,49.8
Taskin Ahmed,Bangladesh,Bowler,Left hand Bat,10,41,4.1,41.41,0,0,Right arm Fast,1339,39,6.1,33.64,34.33
Tatenda Taibu,Zimbabwe,Wicketkeeper Batter,Right hand Bat,4,1155,33.0,71.74,0,11,Right arm Medium,0,0,0.0,0.0,0.0
Taufeeq Umar,Pakistan,Batter,Left hand Bat,2,57,19.0,48.72,0,0,Right arm Offbreak,0,0,0.0,0.0,0.0
Taurai Muzarabani,Zimbabwe,Bowler,Right hand Bat,11,12,3.0,30.0,0,0,Right arm Fast medium,262,7,4.9,46.14,37.43
Tawanda Mupariwa,Zimbabwe,Bowler,Right hand Bat,10,20,6.67,100.0,0,0,Right arm Fast medium,244,2,6.0,123.0,122.0
Temba Bavuma,South Africa,Middle order Batter,Right hand Bat,2,161,80.5,94.71,1,0,Right arm Medium,0,0,0.0,0.0,0.0
Tendai Chatara,Zimbabwe,Bowler,Right hand Bat,10,165,6.6,49.11,0,0,Right arm Fast medium,2870,94,5.1,35.78,30.53
Tendai Chisoro,Zimbabwe,Bowler,Left hand Bat,9,134,14.89,61.47,0,0,"Left arm Fast medium, Slow Left arm Orthodox",556,20,4.3,38.4,27.8
Tharindu Kaushal,Sri Lanka,Bowler,Right hand Bat,9,0,0.0,0.0,0,0,Right arm Offbreak,25,0,4.2,0.0,0.0
Thilan Samaraweera,Sri Lanka,Batter,Right hand Bat,5,376,41.78,80.34,1,0,Right arm Offbreak,33,1,6.6,30.0,33.0
Thilan Thushara,Sri Lanka,Bowler,Left hand Bat,10,7,7.0,87.5,0,0,Left arm Fast medium,262,7,6.0,37.57,37.43
Thilina Kandamby,Sri Lanka,Top order Batter,Left hand Bat,5,120,15.0,58.82,0,0,Legbreak,103,2,5.2,60.0,51.5
Thisara Perera,Sri Lanka,Bowling Allrounder,Left hand Bat,7,2148,19.89,111.18,1,10,Right arm Medium fast,5357,167,5.8,33.06,32.08
Tillakaratne Dilshan,Sri Lanka,Allrounder,Right hand Bat,2,6115,44.64,87.0,17,30,Right arm Offbreak,2633,59,5.0,54.03,44.63
Tim Bresnan,England,Allrounder,Right hand Bat,8,618,17.17,88.29,0,0,Right arm Medium fast,3033,89,5.5,37.06,34.08
Tim Murtagh,Ireland,Bowler,Left hand Bat,10,188,7.83,63.09,0,0,Right arm Fast medium,2220,74,4.6,39.41,30.0
Tim Paine,Australia,Wicketkeeper Batter,Right hand Bat,5,427,25.12,69.32,0,2,Right arm Medium,0,0,0.0,0.0,0.0
Tim Seifert,New Zealand,Wicketkeeper Batter,Right hand Bat,6,33,16.5,122.22,0,0,,0,0,0.0,0.0,0.0
Tim Southee,New Zealand,Bowler,Right hand Bat,9,575,13.07,96.64,0,1,Right arm Medium fast,5224,153,5.5,37.11,34.14
Timycen Maruma,Zimbabwe,Top order Batter,Right hand Bat,5,155,11.92,58.27,0,0,Legbreak Googly,80,2,6.5,38.0,40.0
Tinashe Kamunhukamwe,Zimbabwe,Opening Batter,Right hand Bat,2,37,12.33,74.0,0,0,Right arm Offbreak,0,0,0.0,0.0,0.0
Tinashe Panyangara,Zimbabwe,Bowler,Right hand Bat,10,149,7.1,57.98,0,0,Right arm Fast medium,2021,39,5.7,54.56,51.82
Tino Best,West Indies,Bowler,Right hand Bat,11,24,8.0,46.15,0,0,Right arm Fast,680,21,5.4,35.95,32.38
Tino Mawoyo,Zimbabwe,Batter,Right hand Bat,1,34,6.8,32.69,0,0,Right arm Medium fast,0,0,0.0,0.0,0.0
Tinotenda Mutombodzi,Zimbabwe,Allrounder,Right hand Bat,6,112,12.44,70.0,0,0,Legbreak Googly,278,6,5.4,51.83,46.33
Toby Roland-Jones,England,Bowler,Right hand Bat,9,37,inf,100.0,0,0,Right arm Medium fast,34,1,4.9,42.0,34.0
Todd Astle,New Zealand,Bowler,Right hand Bat,8,79,26.33,102.6,0,0,Legbreak,246,10,5.5,27.0,24.6
Tom Curran,England,,,9,178,44.5,107.23,0,0,,805,27,6.4,28.07,29.81
Tom Latham,New Zealand,Wicketkeeper Batter,Left hand Bat,4,2495,32.4,82.97,4,15,Right arm Medium,0,0,0.0,0.0,0.0
Travis Dowlin,West Indies,Batter,Right hand Bat,2,11,2.75,29.73,0,0,Right arm Offbreak,0,0,0.0,0.0,0.0
Travis Head,Australia,Middle order Batter,Left hand Bat,4,1273,34.41,90.03,1,10,Right arm Offbreak,682,11,5.9,63.0,62.0
Trent Boult,New Zealand,Bowler,Right hand Bat,11,154,10.27,74.4,0,0,Left arm Fast medium,3980,161,5.0,29.55,24.72
Trent Johnston,Ireland,Bowler,Right hand Bat,8,338,16.9,96.3,0,0,Right arm Fast medium,1157,40,4.2,40.98,28.92
Umar Akmal,Pakistan,Middle order Batter,Right hand Bat,6,2883,33.52,85.45,1,18,Right arm Offbreak,0,0,0.0,0.0,0.0
Umar Amin,Pakistan,Top order Batter,Left hand Bat,4,271,18.07,69.13,0,1,Right arm Medium,24,0,3.4,0.0,0.0
Umar Gul,Pakistan,Bowler,Right hand Bat,9,263,10.12,78.98,0,0,Right arm Fast medium,2602,79,5.5,36.15,32.94
Umesh Yadav,India,Bowler,Right hand Bat,11,79,7.9,59.85,0,0,Right arm Fast,3508,105,6.0,33.22,33.41
Upul Tharanga,Sri Lanka,Batter,Left hand Bat,2,4112,34.85,78.26,8,22,,0,0,0.0,0.0,0.0
Usman Ghani,Afghanistan,Opening Batter,Right hand Bat,2,411,27.4,79.04,1,2,,34,1,5.5,38.0,34.0
Usman Khawaja,Australia,Top order Batter,Left hand Bat,2,1554,42.0,84.09,2,12,Right arm Medium,0,0,0.0,0.0,0.0
Usman Salahuddin,Pakistan,Middle order Batter,Right hand Bat,6,13,6.5,46.43,0,0,,0,0,0.0,0.0,0.0
Usman Shinwari,Pakistan,Bowler,Right hand Bat,10,6,2.0,85.71,0,0,Left arm Medium fast,633,34,5.0,22.59,18.62
Varun Aaron,India,Bowler,Right hand Bat,11,8,8.0,53.33,0,0,Right arm Fast,419,11,6.7,34.55,38.09
Veerasammy Permaul,West Indies,Bowler,Right hand Bat,9,19,6.33,73.08,0,0,Slow Left arm Orthodox,271,8,4.9,41.38,33.88
Vernon Philander,South Africa,Allrounder,Right hand Bat,8,78,9.75,60.47,0,0,Right arm Fast medium,777,35,4.7,28.69,22.2
Vijay Shankar,India,Allrounder,Right hand Bat,6,223,31.86,90.65,0,0,Right arm Medium,210,4,5.5,58.25,52.5
Vinay Kumar,India,Bowler,Right hand Bat,10,85,9.44,58.62,0,0,Right arm Medium,1356,36,6.0,38.0,37.67
Virat Kohli,India,Top order Batter,Right hand Bat,3,10964,60.24,94.32,42,50,Right arm Medium,622,4,6.2,150.25,155.5
Virender Sehwag,India,Top order Batter,Right hand Bat,2,1339,39.38,112.24,3,3,Right arm Offbreak,273,8,5.1,40.38,34.12
Vishwa Fernando,Sri Lanka,Bowler,Right hand Bat,10,30,15.0,49.18,0,0,Left arm Medium fast,337,5,6.8,59.4,67.4
Vusi Sibanda,Zimbabwe,Opening Batter,Right hand Bat,2,1289,28.02,67.28,1,10,"Right arm Medium, Right arm Offbreak",117,1,5.5,129.0,117.0
Wahab Riaz,Pakistan,Bowler,Right hand Bat,9,663,14.41,86.89,0,2,Left arm Fast,3796,105,5.8,37.55,36.15
Wanindu Hasaranga de Silva,Sri Lanka,Allrounder,Right hand Bat,8,115,14.38,103.6,0,0,Legbreak,429,13,6.5,30.69,33.0
Wavell Hinds,West Indies,Batter,Left hand Bat,5,45,15.0,44.55,0,0,Right arm Medium,0,0,0.0,0.0,0.0
Wayne Parnell,South Africa,Bowler,Left hand Bat,8,488,22.18,79.22,0,1,Left arm Medium fast,2276,72,5.6,33.69,31.61
Wellington Masakadza,Zimbabwe,Bowler,Left hand Bat,9,53,5.89,42.4,0,0,Slow Left arm Orthodox,734,21,5.1,40.9,34.95
Wiaan Mulder,South Africa,Allrounder,Right hand Bat,7,74,14.8,83.15,0,0,Right arm Medium,308,8,5.8,39.75,38.5
William Porterfield,Ireland,Batter,Left hand Bat,2,2880,30.64,71.22,7,13,Right arm Offbreak,0,0,0.0,0.0,0.0
Wriddhiman Saha,India,Wicketkeeper Batter,Right hand Bat,6,25,12.5,71.43,0,0,,0,0,0.0,0.0,0.0
Xavier Doherty,Australia,Bowler,Left hand Bat,10,91,13.0,53.53,0,0,Slow Left arm Orthodox,2210,55,4.8,50.25,40.18
Yamin Ahmadzai,Afghanistan,Bowler,Right hand Bat,11,3,3.0,15.79,0,0,Right arm Medium fast,139,2,5.3,80.0,69.5
Yasir Shah,Pakistan,Bowler,Right hand Bat,9,127,21.17,85.23,0,0,Legbreak Googly,1150,24,5.3,53.88,47.92
Younis Khan,Pakistan,Middle order Batter,Right hand Bat,3,1551,25.85,72.68,1,11,"Right arm Medium, Legbreak",64,1,6.4,60.0,64.0
Yusuf Pathan,India,Allrounder,Right hand Bat,6,563,31.28,121.6,2,1,Right arm Offbreak,725,16,5.3,51.38,45.31
Yuvraj Singh,India,Middle order Batter,Left hand Bat,4,1440,33.49,81.54,2,10,Slow Left arm Orthodox,1094,32,5.0,41.06,34.19
Yuzvendra Chahal,India,Bowler,Right hand Bat,10,39,7.8,54.17,0,0,Legbreak Googly,2246,85,5.1,31.24,26.42
Zafar Gohar,Pakistan,Bowler,Left hand Bat,10,15,15.0,100.0,0,0,Slow Left arm Orthodox,54,2,5.4,30.0,27.0
Zaheer Khan,India,Bowler,Right hand Bat,9,91,7.0,60.26,0,0,Left arm Fast medium,1417,47,5.1,35.43,30.15
Zakiullah Zaki,Afghanistan,Bowler,Right hand Bat,9,3,inf,13.64,0,0,Legbreak,27,0,6.8,0.0,0.0
Ziaur Rahman,Bangladesh,Allrounder,Right hand Bat,7,124,11.27,112.73,0,0,Right arm Fast medium,292,10,4.6,37.8,29.2
Zulfiqar Babar,Pakistan,Bowler,Right hand Bat,10,35,17.5,87.5,0,0,Slow Left arm Orthodox,246,4,5.0,73.5,61.5
Zulqarnain Haider,Pakistan,Wicketkeeper Batter,Right hand Bat,8,48,24.0,70.59,0,0,,0,0,0.0,0.0,0.0
